File............:  2026-07-22_cv_cell_15 - JUL,22.2026

System..........:  1624_BZm282_020c
Temperature.....:  -0.6+-0.0C
Time............:  14:35:57-14:39:08
Slewrate........:  20mV/s
Comment.........:  CV Cell15
                   
                   
                   
                   
Electr.area/sqcm:  282
Reference.......:   0.3849688,  0.2500000 PO/PF -3, 12319
Cyclic voltammogram

Lines:   6063
Columns: 3

Number     Time/s     Potential/V    Current/A 
1         0.000e+00      0.070031   -5.5898e-02
2         3.150e-02      0.070031   -6.1511e-02
3         6.300e-02      0.070031   -5.4633e-02
4         9.450e-02      0.070031   -5.7090e-02
5         1.260e-01      0.070031   -4.8557e-02
6         1.575e-01      0.070031   -5.3013e-02
7         1.890e-01      0.070031   -5.3990e-02
8         2.205e-01      0.070031   -4.3244e-02
9         2.520e-01      0.070031   -5.5458e-02
10        2.835e-01      0.070031   -4.5537e-02
11        3.150e-01      0.070031   -5.3202e-02
12        3.465e-01      0.070031   -4.9758e-02
13        3.780e-01      0.070031   -4.8649e-02
14        4.095e-01      0.070031   -5.6245e-02
15        4.410e-01      0.070031   -5.9539e-02
16        4.725e-01      0.070031   -6.7743e-02
17        5.040e-01      0.070031   -5.9092e-02
18        5.355e-01      0.070031   -8.8078e-02
19        5.670e-01      0.070031   -9.3068e-02
20        5.985e-01      0.070031   -8.2923e-02
21        6.300e-01      0.070031   -9.5121e-02
22        6.615e-01      0.070031   -7.6961e-02
23        6.930e-01      0.070031   -1.1564e-01
24        7.245e-01      0.070031   -1.1051e-01
25        7.560e-01      0.070031   -1.1815e-01
26        7.875e-01      0.070031   -1.1766e-01
27        8.190e-01      0.070031   -1.2622e-01
28        8.505e-01      0.070031   -1.3099e-01
29        8.820e-01      0.070031   -1.3351e-01
30        9.135e-01      0.070031   -1.5517e-01
31        9.450e-01      0.070031   -1.6796e-01
32        9.765e-01      0.070062   -1.4759e-01
33        1.008e+00      0.070531    5.6327e-01
34        1.040e+00      0.071156    1.0562e+00
35        1.071e+00      0.071781    1.2627e+00
36        1.103e+00      0.072406    1.2991e+00
37        1.134e+00      0.073031    1.3728e+00
38        1.166e+00      0.073656    1.4024e+00
39        1.197e+00      0.074281    1.4608e+00
40        1.229e+00      0.074937    1.4736e+00
41        1.260e+00      0.075562    1.5219e+00
42        1.292e+00      0.076187    1.4960e+00
43        1.323e+00      0.076813    1.5377e+00
44        1.355e+00      0.077437    1.5903e+00
45        1.386e+00      0.078094    1.6164e+00
46        1.418e+00      0.078719    1.6766e+00
47        1.449e+00      0.079344    1.6542e+00
48        1.481e+00      0.079969    1.7225e+00
49        1.512e+00      0.080625    1.6711e+00
50        1.544e+00      0.081250    1.7695e+00
51        1.575e+00      0.081875    1.7458e+00
52        1.607e+00      0.082500    1.8281e+00
53        1.638e+00      0.083125    1.8236e+00
54        1.670e+00      0.083750    1.8630e+00
55        1.701e+00      0.084406    1.8307e+00
56        1.733e+00      0.085031    1.8756e+00
57        1.764e+00      0.085656    1.8894e+00
58        1.796e+00      0.086281    1.9478e+00
59        1.827e+00      0.086906    1.9298e+00
60        1.859e+00      0.087531    1.9781e+00
61        1.890e+00      0.088187    1.9496e+00
62        1.922e+00      0.088813    1.9802e+00
63        1.953e+00      0.089437    2.0049e+00
64        1.985e+00      0.090062    2.0188e+00
65        2.016e+00      0.090719    2.0723e+00
66        2.048e+00      0.091344    2.0418e+00
67        2.079e+00      0.091969    2.0864e+00
68        2.111e+00      0.092594    2.0321e+00
69        2.142e+00      0.093219    2.1005e+00
70        2.174e+00      0.093844    2.0743e+00
71        2.205e+00      0.094500    2.1445e+00
72        2.237e+00      0.095125    2.1103e+00
73        2.268e+00      0.095750    2.1359e+00
74        2.300e+00      0.096375    2.0949e+00
75        2.331e+00      0.097000    2.1390e+00
76        2.363e+00      0.097625    2.1131e+00
77        2.394e+00      0.098281    2.2206e+00
78        2.426e+00      0.098906    2.1687e+00
79        2.457e+00      0.099531    2.1872e+00
80        2.489e+00      0.100156    2.1110e+00
81        2.520e+00      0.100813    2.1592e+00
82        2.552e+00      0.101406    2.1425e+00
83        2.583e+00      0.102063    2.1797e+00
84        2.615e+00      0.102688    2.1678e+00
85        2.646e+00      0.103313    2.1384e+00
86        2.678e+00      0.103938    2.1557e+00
87        2.709e+00      0.104594    2.1109e+00
88        2.741e+00      0.105219    2.1732e+00
89        2.772e+00      0.105844    2.1463e+00
90        2.804e+00      0.106469    2.1886e+00
91        2.835e+00      0.107094    2.1533e+00
92        2.867e+00      0.107719    2.1737e+00
93        2.898e+00      0.108375    2.1166e+00
94        2.930e+00      0.109000    2.1562e+00
95        2.961e+00      0.109625    2.1224e+00
96        2.993e+00      0.110250    2.1717e+00
97        3.024e+00      0.110906    2.1399e+00
98        3.056e+00      0.111500    2.1762e+00
99        3.087e+00      0.112156    2.1055e+00
100       3.119e+00      0.112781    2.1604e+00
101       3.150e+00      0.113406    2.1206e+00
102       3.182e+00      0.114031    2.1583e+00
103       3.213e+00      0.114688    2.1673e+00
104       3.245e+00      0.115313    2.1460e+00
105       3.276e+00      0.115938    2.1450e+00
106       3.308e+00      0.116563    2.1114e+00
107       3.339e+00      0.117188    2.1297e+00
108       3.371e+00      0.117813    2.1235e+00
109       3.402e+00      0.118469    2.1561e+00
110       3.434e+00      0.119094    2.1311e+00
111       3.465e+00      0.119719    2.1524e+00
112       3.497e+00      0.120344    2.0940e+00
113       3.528e+00      0.121000    2.1340e+00
114       3.560e+00      0.121594    2.1200e+00
115       3.591e+00      0.122250    2.1575e+00
116       3.623e+00      0.122875    2.1170e+00
117       3.654e+00      0.123500    2.1527e+00
118       3.686e+00      0.124125    2.0961e+00
119       3.717e+00      0.124781    2.1382e+00
120       3.749e+00      0.125406    2.1053e+00
121       3.780e+00      0.126031    2.1445e+00
122       3.812e+00      0.126656    2.1294e+00
123       3.843e+00      0.127281    2.1416e+00
124       3.875e+00      0.127906    2.1227e+00
125       3.906e+00      0.128563    2.1011e+00
126       3.938e+00      0.129188    2.1367e+00
127       3.969e+00      0.129813    2.1176e+00
128       4.001e+00      0.130438    2.2246e+00
129       4.032e+00      0.131063    2.1479e+00
130       4.064e+00      0.131688    2.1417e+00
131       4.095e+00      0.132344    2.1131e+00
132       4.127e+00      0.132969    2.1384e+00
133       4.158e+00      0.133594    2.1140e+00
134       4.190e+00      0.134219    2.1411e+00
135       4.221e+00      0.134875    2.1083e+00
136       4.253e+00      0.135500    2.1294e+00
137       4.284e+00      0.136125    2.0817e+00
138       4.316e+00      0.136750    2.1239e+00
139       4.347e+00      0.137375    2.0801e+00
140       4.379e+00      0.138000    2.1305e+00
141       4.410e+00      0.138656    2.0948e+00
142       4.442e+00      0.139281    2.1141e+00
143       4.473e+00      0.139906    2.0848e+00
144       4.505e+00      0.140531    2.0651e+00
145       4.536e+00      0.141156    2.0797e+00
146       4.568e+00      0.141781    2.0687e+00
147       4.599e+00      0.142438    2.0889e+00
148       4.631e+00      0.143063    2.0705e+00
149       4.662e+00      0.143688    2.0737e+00
150       4.694e+00      0.144313    2.0348e+00
151       4.725e+00      0.144969    2.0570e+00
152       4.757e+00      0.145594    2.0452e+00
153       4.788e+00      0.146219    2.0676e+00
154       4.820e+00      0.146844    2.0364e+00
155       4.851e+00      0.147469    2.0601e+00
156       4.883e+00      0.148094    2.0002e+00
157       4.914e+00      0.148750    2.0449e+00
158       4.946e+00      0.149375    1.9885e+00
159       4.977e+00      0.150000    2.0424e+00
160       5.009e+00      0.150625    1.9959e+00
161       5.040e+00      0.151250    2.0260e+00
162       5.072e+00      0.151875    1.9829e+00
163       5.103e+00      0.152531    1.9835e+00
164       5.135e+00      0.153156    1.9803e+00
165       5.166e+00      0.153781    1.9783e+00
166       5.198e+00      0.154406    1.9987e+00
167       5.229e+00      0.155063    1.9829e+00
168       5.261e+00      0.155688    1.9776e+00
169       5.292e+00      0.156313    1.9587e+00
170       5.324e+00      0.156938    1.9679e+00
171       5.355e+00      0.157563    1.9627e+00
172       5.387e+00      0.158188    1.9677e+00
173       5.418e+00      0.158844    1.9570e+00
174       5.450e+00      0.159469    1.9614e+00
175       5.481e+00      0.160094    1.9299e+00
176       5.513e+00      0.160719    1.9554e+00
177       5.544e+00      0.161344    1.9182e+00
178       5.576e+00      0.161969    1.9893e+00
179       5.607e+00      0.162625    1.9474e+00
180       5.639e+00      0.163250    1.9646e+00
181       5.670e+00      0.163875    1.9172e+00
182       5.702e+00      0.164500    1.9305e+00
183       5.733e+00      0.165125    1.9205e+00
184       5.765e+00      0.165781    1.9314e+00
185       5.796e+00      0.166406    1.9295e+00
186       5.828e+00      0.167031    1.9305e+00
187       5.859e+00      0.167656    1.9184e+00
188       5.891e+00      0.168281    1.9101e+00
189       5.922e+00      0.168938    1.9182e+00
190       5.954e+00      0.169563    1.9265e+00
191       5.985e+00      0.170188    1.9233e+00
192       6.017e+00      0.170813    1.9337e+00
193       6.048e+00      0.171438    1.9175e+00
194       6.080e+00      0.172063    1.9007e+00
195       6.111e+00      0.172719    1.9207e+00
196       6.143e+00      0.173344    1.9024e+00
197       6.174e+00      0.173969    1.9378e+00
198       6.206e+00      0.174625    1.9002e+00
199       6.237e+00      0.175219    1.9393e+00
200       6.269e+00      0.175875    1.8967e+00
201       6.300e+00      0.176500    1.9105e+00
202       6.332e+00      0.177125    1.8974e+00
203       6.363e+00      0.177750    1.9374e+00
204       6.395e+00      0.178375    1.9219e+00
205       6.426e+00      0.179031    1.9324e+00
206       6.458e+00      0.179656    1.9197e+00
207       6.489e+00      0.180281    1.9292e+00
208       6.521e+00      0.180906    1.9216e+00
209       6.552e+00      0.181531    1.9297e+00
210       6.584e+00      0.182156    1.9289e+00
211       6.615e+00      0.182813    1.9440e+00
212       6.647e+00      0.183438    1.9309e+00
213       6.678e+00      0.184063    1.9325e+00
214       6.710e+00      0.184688    1.9497e+00
215       6.741e+00      0.185313    1.9280e+00
216       6.773e+00      0.185969    1.9623e+00
217       6.804e+00      0.186594    1.9514e+00
218       6.836e+00      0.187219    1.9793e+00
219       6.867e+00      0.187844    1.9323e+00
220       6.899e+00      0.188500    1.9775e+00
221       6.930e+00      0.189125    1.9468e+00
222       6.962e+00      0.189750    1.9879e+00
223       6.993e+00      0.190375    1.9685e+00
224       7.025e+00      0.191000    1.9915e+00
225       7.056e+00      0.191625    1.9874e+00
226       7.088e+00      0.192250    1.9778e+00
227       7.119e+00      0.192906    1.9873e+00
228       7.151e+00      0.193531    2.0242e+00
229       7.182e+00      0.194156    2.0249e+00
230       7.214e+00      0.194813    2.0589e+00
231       7.245e+00      0.195406    2.0131e+00
232       7.277e+00      0.196063    2.0475e+00
233       7.308e+00      0.196688    2.0394e+00
234       7.340e+00      0.197313    2.0483e+00
235       7.371e+00      0.197938    2.0640e+00
236       7.403e+00      0.198594    2.0583e+00
237       7.434e+00      0.199219    2.0974e+00
238       7.466e+00      0.199844    2.0707e+00
239       7.497e+00      0.200469    2.1014e+00
240       7.529e+00      0.201094    2.0645e+00
241       7.560e+00      0.201719    2.1322e+00
242       7.592e+00      0.202344    2.1138e+00
243       7.623e+00      0.203000    2.1645e+00
244       7.655e+00      0.203625    2.1292e+00
245       7.686e+00      0.204250    2.1457e+00
246       7.718e+00      0.204906    2.1371e+00
247       7.749e+00      0.205500    2.1763e+00
248       7.781e+00      0.206156    2.1627e+00
249       7.812e+00      0.206781    2.2105e+00
250       7.844e+00      0.207406    2.1765e+00
251       7.875e+00      0.208031    2.2274e+00
252       7.907e+00      0.208688    2.1971e+00
253       7.938e+00      0.209313    2.2347e+00
254       7.970e+00      0.209938    2.2309e+00
255       8.001e+00      0.210563    2.2609e+00
256       8.033e+00      0.211188    2.2834e+00
257       8.064e+00      0.211813    2.2643e+00
258       8.096e+00      0.212438    2.2769e+00
259       8.127e+00      0.213094    2.2690e+00
260       8.159e+00      0.213719    2.3136e+00
261       8.190e+00      0.214344    2.2959e+00
262       8.222e+00      0.214969    2.3315e+00
263       8.253e+00      0.215594    2.3097e+00
264       8.285e+00      0.216250    2.3325e+00
265       8.316e+00      0.216875    2.3138e+00
266       8.348e+00      0.217500    2.3416e+00
267       8.379e+00      0.218125    2.3480e+00
268       8.411e+00      0.218781    2.3789e+00
269       8.442e+00      0.219406    2.3415e+00
270       8.474e+00      0.220031    2.3795e+00
271       8.505e+00      0.220656    2.3358e+00
272       8.537e+00      0.221281    2.3781e+00
273       8.568e+00      0.221906    2.3542e+00
274       8.600e+00      0.222563    2.3738e+00
275       8.631e+00      0.223188    2.3646e+00
276       8.663e+00      0.223813    2.3571e+00
277       8.694e+00      0.224438    2.3529e+00
278       8.726e+00      0.225094    2.3325e+00
279       8.757e+00      0.225688    2.3588e+00
280       8.789e+00      0.226344    2.3845e+00
281       8.820e+00      0.226969    2.3956e+00
282       8.852e+00      0.227594    2.3329e+00
283       8.883e+00      0.228219    2.3227e+00
284       8.915e+00      0.228875    2.3032e+00
285       8.946e+00      0.229500    2.3144e+00
286       8.978e+00      0.230125    2.2943e+00
287       9.009e+00      0.230750    2.2951e+00
288       9.041e+00      0.231375    2.2530e+00
289       9.072e+00      0.232000    2.2716e+00
290       9.104e+00      0.232656    2.2083e+00
291       9.135e+00      0.233281    2.2550e+00
292       9.167e+00      0.233906    2.1894e+00
293       9.198e+00      0.234531    2.2212e+00
294       9.230e+00      0.235156    2.1821e+00
295       9.261e+00      0.235781    2.1687e+00
296       9.293e+00      0.236438    2.1365e+00
297       9.324e+00      0.237063    2.1157e+00
298       9.356e+00      0.237688    2.1134e+00
299       9.387e+00      0.238313    2.0908e+00
300       9.419e+00      0.238969    2.1006e+00
301       9.450e+00      0.239594    2.0556e+00
302       9.482e+00      0.240219    2.0410e+00
303       9.513e+00      0.240844    2.0059e+00
304       9.545e+00      0.241469    2.0149e+00
305       9.576e+00      0.242094    1.9834e+00
306       9.608e+00      0.242750    1.9943e+00
307       9.639e+00      0.243375    1.9392e+00
308       9.671e+00      0.244000    1.9496e+00
309       9.702e+00      0.244625    1.8846e+00
310       9.734e+00      0.245250    1.9226e+00
311       9.765e+00      0.245875    1.8576e+00
312       9.797e+00      0.246531    1.8908e+00
313       9.828e+00      0.247156    1.8411e+00
314       9.860e+00      0.247781    1.8372e+00
315       9.891e+00      0.248406    1.8059e+00
316       9.923e+00      0.249063    1.7918e+00
317       9.954e+00      0.249688    1.8057e+00
318       9.986e+00      0.250313    1.7805e+00
319       1.002e+01      0.250938    1.7680e+00
320       1.005e+01      0.251563    1.7451e+00
321       1.008e+01      0.252188    1.7311e+00
322       1.011e+01      0.252844    1.7159e+00
323       1.014e+01      0.253469    1.7199e+00
324       1.017e+01      0.254094    1.6975e+00
325       1.021e+01      0.254719    1.7096e+00
326       1.024e+01      0.255344    1.6671e+00
327       1.027e+01      0.255969    1.6794e+00
328       1.030e+01      0.256625    1.6371e+00
329       1.033e+01      0.257250    1.6680e+00
330       1.036e+01      0.257875    1.6273e+00
331       1.040e+01      0.258500    1.7669e+00
332       1.043e+01      0.259156    1.6245e+00
333       1.046e+01      0.259781    1.6390e+00
334       1.049e+01      0.260406    1.5855e+00
335       1.052e+01      0.261031    1.5974e+00
336       1.055e+01      0.261656    1.5972e+00
337       1.058e+01      0.262281    1.5800e+00
338       1.062e+01      0.262938    1.5900e+00
339       1.065e+01      0.263563    1.5676e+00
340       1.068e+01      0.264188    1.5522e+00
341       1.071e+01      0.264813    1.5506e+00
342       1.074e+01      0.265438    1.5539e+00
343       1.077e+01      0.266063    1.5557e+00
344       1.080e+01      0.266719    1.5545e+00
345       1.084e+01      0.267344    1.5297e+00
346       1.087e+01      0.267969    1.5482e+00
347       1.090e+01      0.268594    1.4989e+00
348       1.093e+01      0.269219    1.5503e+00
349       1.096e+01      0.269875    1.4950e+00
350       1.099e+01      0.270500    1.5508e+00
351       1.103e+01      0.271125    1.4898e+00
352       1.106e+01      0.271750    1.5308e+00
353       1.109e+01      0.272375    1.4816e+00
354       1.112e+01      0.273031    1.5051e+00
355       1.115e+01      0.273656    1.4938e+00
356       1.118e+01      0.274281    1.5096e+00
357       1.121e+01      0.274906    1.5027e+00
358       1.125e+01      0.275531    1.4871e+00
359       1.128e+01      0.276156    1.4824e+00
360       1.131e+01      0.276813    1.4826e+00
361       1.134e+01      0.277438    1.4857e+00
362       1.137e+01      0.278063    1.4804e+00
363       1.140e+01      0.278688    1.4900e+00
364       1.143e+01      0.279313    1.4728e+00
365       1.147e+01      0.279969    1.4847e+00
366       1.150e+01      0.280594    1.4571e+00
367       1.153e+01      0.281219    1.4926e+00
368       1.156e+01      0.281844    1.4554e+00
369       1.159e+01      0.282469    1.5018e+00
370       1.162e+01      0.283125    1.4511e+00
371       1.166e+01      0.283750    1.4897e+00
372       1.169e+01      0.284375    1.4446e+00
373       1.172e+01      0.285000    1.4717e+00
374       1.175e+01      0.285625    1.4547e+00
375       1.178e+01      0.286250    1.4750e+00
376       1.181e+01      0.286906    1.4610e+00
377       1.184e+01      0.287531    1.4600e+00
378       1.188e+01      0.288156    1.4520e+00
379       1.191e+01      0.288781    1.4520e+00
380       1.194e+01      0.289406    1.4564e+00
381       1.197e+01      0.290063    1.4789e+00
382       1.200e+01      0.290688    1.4706e+00
383       1.203e+01      0.291313    1.4617e+00
384       1.206e+01      0.291938    1.4545e+00
385       1.210e+01      0.292563    1.4438e+00
386       1.213e+01      0.293219    1.4717e+00
387       1.216e+01      0.293844    1.4430e+00
388       1.219e+01      0.294469    1.4812e+00
389       1.222e+01      0.295094    1.4311e+00
390       1.225e+01      0.295719    1.4768e+00
391       1.229e+01      0.296344    1.4280e+00
392       1.232e+01      0.297000    1.4747e+00
393       1.235e+01      0.297625    1.4337e+00
394       1.238e+01      0.298250    1.4744e+00
395       1.241e+01      0.298875    1.4441e+00
396       1.244e+01      0.299500    1.4612e+00
397       1.247e+01      0.300156    1.4444e+00
398       1.251e+01      0.300781    1.4495e+00
399       1.254e+01      0.301406    1.4463e+00
400       1.257e+01      0.302031    1.4572e+00
401       1.260e+01      0.302688    1.4500e+00
402       1.263e+01      0.303281    1.4560e+00
403       1.266e+01      0.303938    1.4430e+00
404       1.269e+01      0.304563    1.4489e+00
405       1.273e+01      0.305188    1.4557e+00
406       1.276e+01      0.305813    1.4394e+00
407       1.279e+01      0.306438    1.4706e+00
408       1.282e+01      0.307094    1.4298e+00
409       1.285e+01      0.307719    1.4706e+00
410       1.288e+01      0.308344    1.4191e+00
411       1.292e+01      0.308969    1.4661e+00
412       1.295e+01      0.309594    1.4248e+00
413       1.298e+01      0.310250    1.4638e+00
414       1.301e+01      0.310875    1.4302e+00
415       1.304e+01      0.311500    1.4512e+00
416       1.307e+01      0.312125    1.4243e+00
417       1.310e+01      0.312781    1.4415e+00
418       1.314e+01      0.313375    1.4280e+00
419       1.317e+01      0.314031    1.4521e+00
420       1.320e+01      0.314656    1.4315e+00
421       1.323e+01      0.315281    1.4467e+00
422       1.326e+01      0.315906    1.4254e+00
423       1.329e+01      0.316531    1.4358e+00
424       1.332e+01      0.317188    1.4332e+00
425       1.336e+01      0.317813    1.4296e+00
426       1.339e+01      0.318438    1.4407e+00
427       1.342e+01      0.319063    1.4074e+00
428       1.345e+01      0.319688    1.4480e+00
429       1.348e+01      0.320344    1.4021e+00
430       1.351e+01      0.320969    1.4528e+00
431       1.355e+01      0.321594    1.3977e+00
432       1.358e+01      0.322219    1.4573e+00
433       1.361e+01      0.322875    1.4071e+00
434       1.364e+01      0.323469    1.4328e+00
435       1.367e+01      0.324125    1.3973e+00
436       1.370e+01      0.324750    1.4222e+00
437       1.373e+01      0.325375    1.4056e+00
438       1.377e+01      0.326000    1.4278e+00
439       1.380e+01      0.326656    1.4015e+00
440       1.383e+01      0.327281    1.4224e+00
441       1.386e+01      0.327906    1.3966e+00
442       1.389e+01      0.328531    1.4071e+00
443       1.392e+01      0.329156    1.3981e+00
444       1.395e+01      0.329781    1.4094e+00
445       1.399e+01      0.330438    1.4128e+00
446       1.402e+01      0.331063    1.3865e+00
447       1.405e+01      0.331688    1.4131e+00
448       1.408e+01      0.332313    1.3758e+00
449       1.411e+01      0.332969    1.4151e+00
450       1.414e+01      0.333563    1.3791e+00
451       1.418e+01      0.334219    1.4092e+00
452       1.421e+01      0.334844    1.3790e+00
453       1.424e+01      0.335469    1.3988e+00
454       1.427e+01      0.336094    1.3689e+00
455       1.430e+01      0.336750    1.3935e+00
456       1.433e+01      0.337375    1.3718e+00
457       1.436e+01      0.338000    1.3961e+00
458       1.440e+01      0.338625    1.3738e+00
459       1.443e+01      0.339250    1.3837e+00
460       1.446e+01      0.339875    1.3639e+00
461       1.449e+01      0.340531    1.3821e+00
462       1.452e+01      0.341156    1.3645e+00
463       1.455e+01      0.341781    1.3801e+00
464       1.458e+01      0.342406    1.3698e+00
465       1.462e+01      0.343063    1.3620e+00
466       1.465e+01      0.343656    1.3708e+00
467       1.468e+01      0.344313    1.3516e+00
468       1.471e+01      0.344938    1.3784e+00
469       1.474e+01      0.345563    1.3477e+00
470       1.477e+01      0.346188    1.3835e+00
471       1.481e+01      0.346844    1.3447e+00
472       1.484e+01      0.347469    1.3711e+00
473       1.487e+01      0.348094    1.3381e+00
474       1.490e+01      0.348719    1.3716e+00
475       1.493e+01      0.349344    1.3444e+00
476       1.496e+01      0.349969    1.3642e+00
477       1.499e+01      0.350625    1.3361e+00
478       1.503e+01      0.351250    1.3599e+00
479       1.506e+01      0.351875    1.3314e+00
480       1.509e+01      0.352500    1.3598e+00
481       1.512e+01      0.353156    1.3325e+00
482       1.515e+01      0.353750    1.3552e+00
483       1.518e+01      0.354406    1.3486e+00
484       1.521e+01      0.355031    1.3402e+00
485       1.525e+01      0.355656    1.3440e+00
486       1.528e+01      0.356281    1.3311e+00
487       1.531e+01      0.356938    1.3489e+00
488       1.534e+01      0.357563    1.3284e+00
489       1.537e+01      0.358188    1.3504e+00
490       1.540e+01      0.358813    1.3218e+00
491       1.544e+01      0.359438    1.3436e+00
492       1.547e+01      0.360063    1.3186e+00
493       1.550e+01      0.360719    1.3470e+00
494       1.553e+01      0.361344    1.3182e+00
495       1.556e+01      0.361969    1.3465e+00
496       1.559e+01      0.362594    1.3169e+00
497       1.562e+01      0.363250    1.3400e+00
498       1.566e+01      0.363844    1.3069e+00
499       1.569e+01      0.364500    1.3388e+00
500       1.572e+01      0.365125    1.3124e+00
501       1.575e+01      0.365750    1.3352e+00
502       1.578e+01      0.366375    1.3126e+00
503       1.581e+01      0.367031    1.3223e+00
504       1.584e+01      0.367656    1.3138e+00
505       1.588e+01      0.368281    1.3149e+00
506       1.591e+01      0.368906    1.3266e+00
507       1.594e+01      0.369531    1.3079e+00
508       1.597e+01      0.370156    1.3326e+00
509       1.600e+01      0.370813    1.3019e+00
510       1.603e+01      0.371438    1.3279e+00
511       1.607e+01      0.372063    1.2995e+00
512       1.610e+01      0.372688    1.3262e+00
513       1.613e+01      0.373313    1.3002e+00
514       1.616e+01      0.373938    1.3258e+00
515       1.619e+01      0.374594    1.2989e+00
516       1.622e+01      0.375219    1.3239e+00
517       1.625e+01      0.375844    1.2970e+00
518       1.629e+01      0.376469    1.3260e+00
519       1.632e+01      0.377125    1.2920e+00
520       1.635e+01      0.377750    1.3252e+00
521       1.638e+01      0.378375    1.2980e+00
522       1.641e+01      0.379000    1.3152e+00
523       1.644e+01      0.379625    1.2951e+00
524       1.647e+01      0.380250    1.3056e+00
525       1.651e+01      0.380906    1.3049e+00
526       1.654e+01      0.381531    1.3015e+00
527       1.657e+01      0.382156    1.3093e+00
528       1.660e+01      0.382781    1.2924e+00
529       1.663e+01      0.383406    1.3140e+00
530       1.666e+01      0.384031    1.2868e+00
531       1.670e+01      0.384688    1.3112e+00
532       1.673e+01      0.385313    1.2916e+00
533       1.676e+01      0.385938    1.3183e+00
534       1.679e+01      0.386563    1.2927e+00
535       1.682e+01      0.387219    1.3110e+00
536       1.685e+01      0.387844    1.2869e+00
537       1.688e+01      0.388469    1.3072e+00
538       1.692e+01      0.389094    1.2788e+00
539       1.695e+01      0.389719    1.3138e+00
540       1.698e+01      0.390344    1.2784e+00
541       1.701e+01      0.391000    1.3057e+00
542       1.704e+01      0.391625    1.2802e+00
543       1.707e+01      0.392250    1.3039e+00
544       1.710e+01      0.392875    1.2881e+00
545       1.714e+01      0.393500    1.2910e+00
546       1.717e+01      0.394125    1.2955e+00
547       1.720e+01      0.394781    1.2829e+00
548       1.723e+01      0.395406    1.2986e+00
549       1.726e+01      0.396031    1.2816e+00
550       1.729e+01      0.396656    1.2992e+00
551       1.733e+01      0.397313    1.2811e+00
552       1.736e+01      0.397938    1.2989e+00
553       1.739e+01      0.398563    1.2824e+00
554       1.742e+01      0.399188    1.3028e+00
555       1.745e+01      0.399813    1.2819e+00
556       1.748e+01      0.400438    1.2972e+00
557       1.751e+01      0.401094    1.2746e+00
558       1.755e+01      0.401719    1.3062e+00
559       1.758e+01      0.402344    1.2740e+00
560       1.761e+01      0.402969    1.3032e+00
561       1.764e+01      0.403594    1.2736e+00
562       1.767e+01      0.404219    1.3009e+00
563       1.770e+01      0.404875    1.2780e+00
564       1.773e+01      0.405500    1.2927e+00
565       1.777e+01      0.406125    1.2848e+00
566       1.780e+01      0.406750    1.2831e+00
567       1.783e+01      0.407375    1.2884e+00
568       1.786e+01      0.408031    1.2816e+00
569       1.789e+01      0.408656    1.2915e+00
570       1.792e+01      0.409281    1.2764e+00
571       1.796e+01      0.409906    1.2960e+00
572       1.799e+01      0.410531    1.2794e+00
573       1.802e+01      0.411188    1.2989e+00
574       1.805e+01      0.411813    1.2760e+00
575       1.808e+01      0.412438    1.2953e+00
576       1.811e+01      0.413063    1.2788e+00
577       1.814e+01      0.413688    1.2988e+00
578       1.818e+01      0.414313    1.2701e+00
579       1.821e+01      0.414969    1.2993e+00
580       1.824e+01      0.415594    1.2734e+00
581       1.827e+01      0.416219    1.3000e+00
582       1.830e+01      0.416844    1.2714e+00
583       1.833e+01      0.417469    1.2970e+00
584       1.836e+01      0.418125    1.2845e+00
585       1.840e+01      0.418750    1.2879e+00
586       1.843e+01      0.419375    1.2813e+00
587       1.846e+01      0.420000    1.2852e+00
588       1.849e+01      0.420625    1.2890e+00
589       1.852e+01      0.421281    1.2777e+00
590       1.855e+01      0.421906    1.2888e+00
591       1.859e+01      0.422531    1.2830e+00
592       1.862e+01      0.423156    1.2943e+00
593       1.865e+01      0.423781    1.2795e+00
594       1.868e+01      0.424406    1.2928e+00
595       1.871e+01      0.425063    1.2768e+00
596       1.874e+01      0.425688    1.2962e+00
597       1.877e+01      0.426313    1.2760e+00
598       1.881e+01      0.426938    1.3046e+00
599       1.884e+01      0.427563    1.2748e+00
600       1.887e+01      0.428219    1.2993e+00
601       1.890e+01      0.428844    1.2762e+00
602       1.893e+01      0.429469    1.3047e+00
603       1.896e+01      0.430094    1.2743e+00
604       1.899e+01      0.430719    1.3004e+00
605       1.903e+01      0.431375    1.2845e+00
606       1.906e+01      0.432000    1.2912e+00
607       1.909e+01      0.432625    1.2872e+00
608       1.912e+01      0.433250    1.2853e+00
609       1.915e+01      0.433875    1.2925e+00
610       1.918e+01      0.434500    1.2895e+00
611       1.922e+01      0.435156    1.2922e+00
612       1.925e+01      0.435781    1.2860e+00
613       1.928e+01      0.436406    1.2960e+00
614       1.931e+01      0.437031    1.2884e+00
615       1.934e+01      0.437656    1.2992e+00
616       1.937e+01      0.438313    1.2886e+00
617       1.940e+01      0.438938    1.3087e+00
618       1.944e+01      0.439563    1.2806e+00
619       1.947e+01      0.440188    1.3059e+00
620       1.950e+01      0.440844    1.2807e+00
621       1.953e+01      0.441438    1.3082e+00
622       1.956e+01      0.442094    1.2846e+00
623       1.959e+01      0.442719    1.3128e+00
624       1.962e+01      0.443344    1.2885e+00
625       1.966e+01      0.443969    1.3031e+00
626       1.969e+01      0.444594    1.2871e+00
627       1.972e+01      0.445250    1.2965e+00
628       1.975e+01      0.445875    1.2964e+00
629       1.978e+01      0.446500    1.2982e+00
630       1.981e+01      0.447125    1.3009e+00
631       1.985e+01      0.447750    1.2994e+00
632       1.988e+01      0.448406    1.2971e+00
633       1.991e+01      0.449031    1.2911e+00
634       1.994e+01      0.449656    1.3052e+00
635       1.997e+01      0.450281    1.2935e+00
636       2.000e+01      0.450938    1.3101e+00
637       2.003e+01      0.451531    1.2893e+00
638       2.007e+01      0.452188    1.3101e+00
639       2.010e+01      0.452813    1.2880e+00
640       2.013e+01      0.453438    1.3132e+00
641       2.016e+01      0.454063    1.2870e+00
642       2.019e+01      0.454688    1.3165e+00
643       2.022e+01      0.455344    1.2897e+00
644       2.025e+01      0.455969    1.3098e+00
645       2.029e+01      0.456594    1.2927e+00
646       2.032e+01      0.457219    1.3072e+00
647       2.035e+01      0.457844    1.2955e+00
648       2.038e+01      0.458500    1.3083e+00
649       2.041e+01      0.459125    1.3015e+00
650       2.044e+01      0.459750    1.3032e+00
651       2.048e+01      0.460375    1.3000e+00
652       2.051e+01      0.461031    1.3023e+00
653       2.054e+01      0.461625    1.3082e+00
654       2.057e+01      0.462281    1.3018e+00
655       2.060e+01      0.462906    1.3101e+00
656       2.063e+01      0.463531    1.3013e+00
657       2.066e+01      0.464156    1.3125e+00
658       2.070e+01      0.464813    1.2940e+00
659       2.073e+01      0.465438    1.3195e+00
660       2.076e+01      0.466063    1.2959e+00
661       2.079e+01      0.466688    1.3201e+00
662       2.082e+01      0.467313    1.2957e+00
663       2.085e+01      0.467938    1.3178e+00
664       2.088e+01      0.468594    1.2973e+00
665       2.092e+01      0.469219    1.3197e+00
666       2.095e+01      0.469844    1.2994e+00
667       2.098e+01      0.470469    1.3196e+00
668       2.101e+01      0.471125    1.3035e+00
669       2.104e+01      0.471719    1.3146e+00
670       2.107e+01      0.472375    1.3036e+00
671       2.111e+01      0.473000    1.3093e+00
672       2.114e+01      0.473625    1.3081e+00
673       2.117e+01      0.474250    1.3116e+00
674       2.120e+01      0.474906    1.3157e+00
675       2.123e+01      0.475531    1.3064e+00
676       2.126e+01      0.476156    1.3149e+00
677       2.129e+01      0.476781    1.3051e+00
678       2.133e+01      0.477406    1.3258e+00
679       2.136e+01      0.478031    1.3018e+00
680       2.139e+01      0.478688    1.3216e+00
681       2.142e+01      0.479313    1.3044e+00
682       2.145e+01      0.479938    1.3272e+00
683       2.148e+01      0.480563    1.3030e+00
684       2.151e+01      0.481219    1.3233e+00
685       2.155e+01      0.481813    1.3041e+00
686       2.158e+01      0.482469    1.3280e+00
687       2.161e+01      0.483094    1.3092e+00
688       2.164e+01      0.483719    1.3193e+00
689       2.167e+01      0.484344    1.3069e+00
690       2.170e+01      0.485000    1.3191e+00
691       2.174e+01      0.485625    1.3096e+00
692       2.177e+01      0.486250    1.3207e+00
693       2.180e+01      0.486875    1.3146e+00
694       2.183e+01      0.487500    1.3179e+00
695       2.186e+01      0.488125    1.3173e+00
696       2.189e+01      0.488781    1.3169e+00
697       2.192e+01      0.489406    1.3258e+00
698       2.196e+01      0.490031    1.3100e+00
699       2.199e+01      0.490656    1.3275e+00
700       2.202e+01      0.491313    1.3076e+00
701       2.205e+01      0.491906    1.3295e+00
702       2.208e+01      0.492563    1.3095e+00
703       2.211e+01      0.493188    1.3356e+00
704       2.214e+01      0.493813    1.3102e+00
705       2.218e+01      0.494438    1.3280e+00
706       2.221e+01      0.495094    1.3137e+00
707       2.224e+01      0.495719    1.3313e+00
708       2.227e+01      0.496344    1.3112e+00
709       2.230e+01      0.496969    1.3281e+00
710       2.233e+01      0.497594    1.3116e+00
711       2.237e+01      0.498219    1.3298e+00
712       2.240e+01      0.498875    1.3167e+00
713       2.243e+01      0.499500    1.3290e+00
714       2.246e+01      0.500125    1.3189e+00
715       2.249e+01      0.500750    1.3248e+00
716       2.252e+01      0.501406    1.3242e+00
717       2.255e+01      0.502000    1.3195e+00
718       2.259e+01      0.502656    1.3299e+00
719       2.262e+01      0.503281    1.3152e+00
720       2.265e+01      0.503906    1.3338e+00
721       2.268e+01      0.504531    1.3129e+00
722       2.271e+01      0.505188    1.3377e+00
723       2.274e+01      0.505813    1.3146e+00
724       2.277e+01      0.506438    1.3353e+00
725       2.281e+01      0.507063    1.3202e+00
726       2.284e+01      0.507688    1.3361e+00
727       2.287e+01      0.508313    1.3169e+00
728       2.290e+01      0.508969    1.3376e+00
729       2.293e+01      0.509594    1.3216e+00
730       2.296e+01      0.510219    1.3367e+00
731       2.300e+01      0.510844    1.3197e+00
732       2.303e+01      0.511469    1.3376e+00
733       2.306e+01      0.512094    1.3204e+00
734       2.309e+01      0.512750    1.3364e+00
735       2.312e+01      0.513375    1.3272e+00
736       2.315e+01      0.514000    1.3443e+00
737       2.318e+01      0.514625    1.3327e+00
738       2.322e+01      0.515281    1.3230e+00
739       2.325e+01      0.515906    1.3368e+00
740       2.328e+01      0.516531    1.3203e+00
741       2.331e+01      0.517156    1.3432e+00
742       2.334e+01      0.517781    1.3200e+00
743       2.337e+01      0.518406    1.3430e+00
744       2.340e+01      0.519063    1.3247e+00
745       2.344e+01      0.519688    1.3386e+00
746       2.347e+01      0.520313    1.3237e+00
747       2.350e+01      0.520938    1.3434e+00
748       2.353e+01      0.521563    1.3253e+00
749       2.356e+01      0.522188    1.3416e+00
750       2.359e+01      0.522844    1.3255e+00
751       2.363e+01      0.523469    1.3442e+00
752       2.366e+01      0.524094    1.3211e+00
753       2.369e+01      0.524719    1.3429e+00
754       2.372e+01      0.525375    1.3296e+00
755       2.375e+01      0.526000    1.3413e+00
756       2.378e+01      0.526625    1.3318e+00
757       2.381e+01      0.527250    1.3334e+00
758       2.385e+01      0.527875    1.3346e+00
759       2.388e+01      0.528500    1.3296e+00
760       2.391e+01      0.529156    1.3431e+00
761       2.394e+01      0.529781    1.3283e+00
762       2.397e+01      0.530406    1.3479e+00
763       2.400e+01      0.531031    1.3270e+00
764       2.403e+01      0.531656    1.3463e+00
765       2.407e+01      0.532281    1.3284e+00
766       2.410e+01      0.532938    1.3512e+00
767       2.413e+01      0.533563    1.3309e+00
768       2.416e+01      0.534188    1.3480e+00
769       2.419e+01      0.534813    1.3301e+00
770       2.422e+01      0.535469    1.3511e+00
771       2.426e+01      0.536094    1.3276e+00
772       2.429e+01      0.536719    1.3540e+00
773       2.432e+01      0.537344    1.3316e+00
774       2.435e+01      0.537969    1.3534e+00
775       2.438e+01      0.538594    1.3322e+00
776       2.441e+01      0.539250    1.3486e+00
777       2.444e+01      0.539875    1.3360e+00
778       2.448e+01      0.540500    1.3423e+00
779       2.451e+01      0.541125    1.3481e+00
780       2.454e+01      0.541750    1.3363e+00
781       2.457e+01      0.542375    1.3518e+00
782       2.460e+01      0.543031    1.3344e+00
783       2.463e+01      0.543656    1.3515e+00
784       2.466e+01      0.544281    1.3361e+00
785       2.470e+01      0.544906    1.3514e+00
786       2.473e+01      0.545531    1.3375e+00
787       2.476e+01      0.546188    1.3610e+00
788       2.479e+01      0.546813    1.3380e+00
789       2.482e+01      0.547438    1.3578e+00
790       2.485e+01      0.548063    1.3370e+00
791       2.489e+01      0.548688    1.3587e+00
792       2.492e+01      0.549344    1.3386e+00
793       2.495e+01      0.549969    1.3630e+00
794       2.498e+01      0.550594    1.3386e+00
795       2.501e+01      0.551219    1.3598e+00
796       2.504e+01      0.551844    1.3401e+00
797       2.507e+01      0.552469    1.3572e+00
798       2.511e+01      0.553125    1.3490e+00
799       2.514e+01      0.553750    1.3531e+00
800       2.517e+01      0.554375    1.3548e+00
801       2.520e+01      0.555000    1.3427e+00
802       2.523e+01      0.555625    1.3571e+00
803       2.526e+01      0.556281    1.3442e+00
804       2.529e+01      0.556906    1.3623e+00
805       2.533e+01      0.557531    1.3482e+00
806       2.536e+01      0.558156    1.3615e+00
807       2.539e+01      0.558781    1.3497e+00
808       2.542e+01      0.559438    1.3631e+00
809       2.545e+01      0.560063    1.3484e+00
810       2.548e+01      0.560688    1.3661e+00
811       2.552e+01      0.561313    1.3461e+00
812       2.555e+01      0.561938    1.3736e+00
813       2.558e+01      0.562563    1.3462e+00
814       2.561e+01      0.563219    1.3724e+00
815       2.564e+01      0.563844    1.3461e+00
816       2.567e+01      0.564469    1.3725e+00
817       2.570e+01      0.565125    1.3528e+00
818       2.574e+01      0.565719    1.3627e+00
819       2.577e+01      0.566375    1.3578e+00
820       2.580e+01      0.567000    1.3580e+00
821       2.583e+01      0.567625    1.3632e+00
822       2.586e+01      0.568250    1.3584e+00
823       2.589e+01      0.568875    1.3657e+00
824       2.592e+01      0.569531    1.3563e+00
825       2.596e+01      0.570156    1.3690e+00
826       2.599e+01      0.570781    1.3591e+00
827       2.602e+01      0.571406    1.3729e+00
828       2.605e+01      0.572031    1.3589e+00
829       2.608e+01      0.572656    1.3733e+00
830       2.611e+01      0.573313    1.3603e+00
831       2.615e+01      0.573938    1.3778e+00
832       2.618e+01      0.574563    1.3567e+00
833       2.621e+01      0.575188    1.3821e+00
834       2.624e+01      0.575813    1.3569e+00
835       2.627e+01      0.576469    1.3811e+00
836       2.630e+01      0.577094    1.3592e+00
837       2.633e+01      0.577719    1.3838e+00
838       2.637e+01      0.578344    1.3661e+00
839       2.640e+01      0.579000    1.3754e+00
840       2.643e+01      0.579625    1.3685e+00
841       2.646e+01      0.580250    1.3741e+00
842       2.649e+01      0.580875    1.3725e+00
843       2.652e+01      0.581500    1.3674e+00
844       2.655e+01      0.582125    1.3764e+00
845       2.659e+01      0.582750    1.3767e+00
846       2.662e+01      0.583406    1.3809e+00
847       2.665e+01      0.584031    1.3713e+00
848       2.668e+01      0.584656    1.3828e+00
849       2.671e+01      0.585281    1.3709e+00
850       2.674e+01      0.585906    1.3900e+00
851       2.678e+01      0.586563    1.3698e+00
852       2.681e+01      0.587188    1.3913e+00
853       2.684e+01      0.587813    1.3703e+00
854       2.687e+01      0.588438    1.3931e+00
855       2.690e+01      0.589094    1.3739e+00
856       2.693e+01      0.589719    1.3969e+00
857       2.696e+01      0.590344    1.3736e+00
858       2.700e+01      0.590969    1.3931e+00
859       2.703e+01      0.591594    1.3798e+00
860       2.706e+01      0.592219    1.3902e+00
861       2.709e+01      0.592844    1.3824e+00
862       2.712e+01      0.593500    1.3888e+00
863       2.715e+01      0.594125    1.3904e+00
864       2.718e+01      0.594750    1.3909e+00
865       2.722e+01      0.595406    1.3880e+00
866       2.725e+01      0.596000    1.3892e+00
867       2.728e+01      0.596656    1.3933e+00
868       2.731e+01      0.597281    1.3873e+00
869       2.734e+01      0.597906    1.3981e+00
870       2.737e+01      0.598531    1.3875e+00
871       2.741e+01      0.599188    1.4069e+00
872       2.744e+01      0.599813    1.3832e+00
873       2.747e+01      0.600438    1.4073e+00
874       2.750e+01      0.601063    1.3854e+00
875       2.753e+01      0.601688    1.4130e+00
876       2.756e+01      0.602313    1.3874e+00
877       2.759e+01      0.602969    1.4118e+00
878       2.763e+01      0.603594    1.3902e+00
879       2.766e+01      0.604219    1.4081e+00
880       2.769e+01      0.604844    1.3927e+00
881       2.772e+01      0.605469    1.4054e+00
882       2.775e+01      0.606094    1.3975e+00
883       2.778e+01      0.606750    1.4100e+00
884       2.781e+01      0.607375    1.3980e+00
885       2.785e+01      0.608000    1.4070e+00
886       2.788e+01      0.608625    1.4025e+00
887       2.791e+01      0.609281    1.4003e+00
888       2.794e+01      0.609906    1.4095e+00
889       2.797e+01      0.610531    1.4099e+00
890       2.800e+01      0.611156    1.4102e+00
891       2.804e+01      0.611781    1.4002e+00
892       2.807e+01      0.612406    1.4181e+00
893       2.810e+01      0.613063    1.3953e+00
894       2.813e+01      0.613688    1.4254e+00
895       2.816e+01      0.614313    1.4012e+00
896       2.819e+01      0.614938    1.4266e+00
897       2.822e+01      0.615563    1.4019e+00
898       2.826e+01      0.616188    1.4227e+00
899       2.829e+01      0.616844    1.4076e+00
900       2.832e+01      0.617469    1.4263e+00
901       2.835e+01      0.618094    1.4085e+00
902       2.838e+01      0.618719    1.4306e+00
903       2.841e+01      0.619375    1.4106e+00
904       2.844e+01      0.620000    1.4280e+00
905       2.848e+01      0.620625    1.4104e+00
906       2.851e+01      0.621250    1.4245e+00
907       2.854e+01      0.621875    1.4164e+00
908       2.857e+01      0.622500    1.4261e+00
909       2.860e+01      0.623156    1.4242e+00
910       2.863e+01      0.623781    1.4236e+00
911       2.867e+01      0.624406    1.4282e+00
912       2.870e+01      0.625031    1.4143e+00
913       2.873e+01      0.625656    1.4391e+00
914       2.876e+01      0.626281    1.4203e+00
915       2.879e+01      0.626938    1.4428e+00
916       2.882e+01      0.627563    1.4143e+00
917       2.885e+01      0.628188    1.4425e+00
918       2.889e+01      0.628813    1.4207e+00
919       2.892e+01      0.629469    1.4458e+00
920       2.895e+01      0.630094    1.4232e+00
921       2.898e+01      0.630719    1.4448e+00
922       2.901e+01      0.631344    1.4252e+00
923       2.904e+01      0.631969    1.4427e+00
924       2.907e+01      0.632594    1.4227e+00
925       2.911e+01      0.633250    1.4426e+00
926       2.914e+01      0.633875    1.4243e+00
927       2.917e+01      0.634500    1.4476e+00
928       2.920e+01      0.635125    1.4326e+00
929       2.923e+01      0.635750    1.4450e+00
930       2.926e+01      0.636375    1.4322e+00
931       2.930e+01      0.637031    1.4338e+00
932       2.933e+01      0.637656    1.4466e+00
933       2.936e+01      0.638281    1.4349e+00
934       2.939e+01      0.638906    1.4508e+00
935       2.942e+01      0.639563    1.4324e+00
936       2.945e+01      0.640188    1.4540e+00
937       2.948e+01      0.640813    1.4306e+00
938       2.952e+01      0.641438    1.4587e+00
939       2.955e+01      0.642063    1.4469e+00
940       2.958e+01      0.642688    1.4620e+00
941       2.961e+01      0.643344    1.4366e+00
942       2.964e+01      0.643969    1.4581e+00
943       2.967e+01      0.644594    1.4416e+00
944       2.970e+01      0.645219    1.4588e+00
945       2.974e+01      0.645844    1.4364e+00
946       2.977e+01      0.646469    1.4655e+00
947       2.980e+01      0.647125    1.4398e+00
948       2.983e+01      0.647750    1.4646e+00
949       2.986e+01      0.648375    1.4413e+00
950       2.989e+01      0.649000    1.4539e+00
951       2.993e+01      0.649625    1.4513e+00
952       2.996e+01      0.650281    1.4568e+00
953       2.999e+01      0.650906    1.4615e+00
954       3.002e+01      0.651531    1.4462e+00
955       3.005e+01      0.652156    1.4655e+00
956       3.008e+01      0.652781    1.4486e+00
957       3.011e+01      0.653438    1.4726e+00
958       3.015e+01      0.654063    1.4478e+00
959       3.018e+01      0.654688    1.4718e+00
960       3.021e+01      0.655313    1.4504e+00
961       3.024e+01      0.655938    1.4708e+00
962       3.027e+01      0.656563    1.4514e+00
963       3.030e+01      0.657219    1.4766e+00
964       3.033e+01      0.657844    1.4517e+00
965       3.037e+01      0.658469    1.4833e+00
966       3.040e+01      0.659094    1.4496e+00
967       3.043e+01      0.659719    1.4812e+00
968       3.046e+01      0.660375    1.4510e+00
969       3.049e+01      0.661000    1.4804e+00
970       3.052e+01      0.661625    1.4584e+00
971       3.056e+01      0.662250    1.4762e+00
972       3.059e+01      0.662875    1.4653e+00
973       3.062e+01      0.663531    1.4673e+00
974       3.065e+01      0.664156    1.4740e+00
975       3.068e+01      0.664781    1.4638e+00
976       3.071e+01      0.665406    1.4846e+00
977       3.074e+01      0.666031    1.4678e+00
978       3.078e+01      0.666656    1.4875e+00
979       3.081e+01      0.667313    1.4650e+00
980       3.084e+01      0.667938    1.4862e+00
981       3.087e+01      0.668563    1.4685e+00
982       3.090e+01      0.669188    1.4878e+00
983       3.093e+01      0.669813    1.4707e+00
984       3.096e+01      0.670469    1.4952e+00
985       3.100e+01      0.671094    1.4651e+00
986       3.103e+01      0.671719    1.4994e+00
987       3.106e+01      0.672344    1.4599e+00
988       3.109e+01      0.672969    1.5006e+00
989       3.112e+01      0.673625    1.4694e+00
990       3.115e+01      0.674250    1.5105e+00
991       3.119e+01      0.674875    1.4739e+00
992       3.122e+01      0.675500    1.4848e+00
993       3.125e+01      0.676125    1.4815e+00
994       3.128e+01      0.676750    1.4870e+00
995       3.131e+01      0.677406    1.4938e+00
996       3.134e+01      0.678031    1.4835e+00
997       3.137e+01      0.678656    1.4968e+00
998       3.141e+01      0.679281    1.4815e+00
999       3.144e+01      0.679906    1.4963e+00
1000      3.147e+01      0.680563    1.4856e+00
1001      3.150e+01      0.681188    1.5013e+00
1002      3.153e+01      0.681813    1.4876e+00
1003      3.156e+01      0.682438    1.5083e+00
1004      3.159e+01      0.683094    1.4804e+00
1005      3.163e+01      0.683688    1.5127e+00
1006      3.166e+01      0.684344    1.4779e+00
1007      3.169e+01      0.684969    1.5175e+00
1008      3.172e+01      0.685594    1.4845e+00
1009      3.175e+01      0.686219    1.5187e+00
1010      3.178e+01      0.686844    1.4842e+00
1011      3.182e+01      0.687500    1.5111e+00
1012      3.185e+01      0.688125    1.4919e+00
1013      3.188e+01      0.688750    1.5115e+00
1014      3.191e+01      0.689375    1.4992e+00
1015      3.194e+01      0.690000    1.5085e+00
1016      3.197e+01      0.690656    1.5111e+00
1017      3.200e+01      0.691281    1.5007e+00
1018      3.204e+01      0.691906    1.5099e+00
1019      3.207e+01      0.692531    1.5084e+00
1020      3.210e+01      0.693188    1.5142e+00
1021      3.213e+01      0.693781    1.5021e+00
1022      3.216e+01      0.694438    1.5228e+00
1023      3.219e+01      0.695063    1.5044e+00
1024      3.222e+01      0.695688    1.5245e+00
1025      3.226e+01      0.696313    1.4982e+00
1026      3.229e+01      0.696938    1.5303e+00
1027      3.232e+01      0.697594    1.4992e+00
1028      3.235e+01      0.698219    1.5417e+00
1029      3.238e+01      0.698844    1.5020e+00
1030      3.241e+01      0.699469    1.5374e+00
1031      3.245e+01      0.700094    1.5042e+00
1032      3.248e+01      0.700688    1.4999e+00
1033      3.251e+01      0.700406    1.3270e+00
1034      3.254e+01      0.699781    1.3107e+00
1035      3.257e+01      0.699156    1.2967e+00
1036      3.260e+01      0.698500    1.2985e+00
1037      3.263e+01      0.697875    1.2879e+00
1038      3.267e+01      0.697250    1.2924e+00
1039      3.270e+01      0.696625    1.2721e+00
1040      3.273e+01      0.696000    1.3005e+00
1041      3.276e+01      0.695375    1.2644e+00
1042      3.279e+01      0.694750    1.2952e+00
1043      3.282e+01      0.694094    1.2572e+00
1044      3.285e+01      0.693469    1.2911e+00
1045      3.289e+01      0.692844    1.2597e+00
1046      3.292e+01      0.692188    1.2925e+00
1047      3.295e+01      0.691594    1.2580e+00
1048      3.298e+01      0.690938    1.2860e+00
1049      3.301e+01      0.690313    1.2644e+00
1050      3.304e+01      0.689688    1.2768e+00
1051      3.308e+01      0.689063    1.2615e+00
1052      3.311e+01      0.688406    1.2754e+00
1053      3.314e+01      0.687781    1.2697e+00
1054      3.317e+01      0.687156    1.2737e+00
1055      3.320e+01      0.686531    1.2702e+00
1056      3.323e+01      0.685906    1.2711e+00
1057      3.326e+01      0.685281    1.2710e+00
1058      3.330e+01      0.684625    1.2599e+00
1059      3.333e+01      0.684000    1.2777e+00
1060      3.336e+01      0.683375    1.2565e+00
1061      3.339e+01      0.682750    1.2798e+00
1062      3.342e+01      0.682125    1.2435e+00
1063      3.345e+01      0.681500    1.2825e+00
1064      3.348e+01      0.680844    1.2508e+00
1065      3.352e+01      0.680219    1.2798e+00
1066      3.355e+01      0.679594    1.2509e+00
1067      3.358e+01      0.678969    1.2753e+00
1068      3.361e+01      0.678313    1.2535e+00
1069      3.364e+01      0.677688    1.2753e+00
1070      3.367e+01      0.677063    1.2532e+00
1071      3.371e+01      0.676438    1.2721e+00
1072      3.374e+01      0.675813    1.2529e+00
1073      3.377e+01      0.675188    1.2708e+00
1074      3.380e+01      0.674531    1.2614e+00
1075      3.383e+01      0.673906    1.2624e+00
1076      3.386e+01      0.673281    1.2602e+00
1077      3.389e+01      0.672656    1.2605e+00
1078      3.393e+01      0.672031    1.2694e+00
1079      3.396e+01      0.671406    1.2524e+00
1080      3.399e+01      0.670750    1.2707e+00
1081      3.402e+01      0.670125    1.2424e+00
1082      3.405e+01      0.669500    1.2783e+00
1083      3.408e+01      0.668875    1.2507e+00
1084      3.411e+01      0.668219    1.2741e+00
1085      3.415e+01      0.667594    1.2487e+00
1086      3.418e+01      0.666969    1.2757e+00
1087      3.421e+01      0.666344    1.2454e+00
1088      3.424e+01      0.665719    1.2717e+00
1089      3.427e+01      0.665094    1.2478e+00
1090      3.430e+01      0.664438    1.2675e+00
1091      3.434e+01      0.663813    1.2525e+00
1092      3.437e+01      0.663188    1.2749e+00
1093      3.440e+01      0.662563    1.2513e+00
1094      3.443e+01      0.661938    1.2738e+00
1095      3.446e+01      0.661313    1.2552e+00
1096      3.449e+01      0.660656    1.2696e+00
1097      3.452e+01      0.660031    1.2616e+00
1098      3.456e+01      0.659406    1.2597e+00
1099      3.459e+01      0.658781    1.2700e+00
1100      3.462e+01      0.658125    1.2505e+00
1101      3.465e+01      0.657500    1.2703e+00
1102      3.468e+01      0.656875    1.2514e+00
1103      3.471e+01      0.656250    1.2812e+00
1104      3.474e+01      0.655625    1.2487e+00
1105      3.478e+01      0.655000    1.2735e+00
1106      3.481e+01      0.654344    1.2483e+00
1107      3.484e+01      0.653719    1.2721e+00
1108      3.487e+01      0.653094    1.2531e+00
1109      3.490e+01      0.652469    1.2725e+00
1110      3.493e+01      0.651844    1.2552e+00
1111      3.497e+01      0.651219    1.2762e+00
1112      3.500e+01      0.650563    1.2557e+00
1113      3.503e+01      0.649938    1.2779e+00
1114      3.506e+01      0.649313    1.2509e+00
1115      3.509e+01      0.648688    1.2765e+00
1116      3.512e+01      0.648031    1.2645e+00
1117      3.515e+01      0.647406    1.2701e+00
1118      3.519e+01      0.646781    1.2653e+00
1119      3.522e+01      0.646156    1.2584e+00
1120      3.525e+01      0.645531    1.2676e+00
1121      3.528e+01      0.644906    1.2582e+00
1122      3.531e+01      0.644250    1.2794e+00
1123      3.534e+01      0.643625    1.2528e+00
1124      3.537e+01      0.643000    1.2772e+00
1125      3.541e+01      0.642375    1.2435e+00
1126      3.544e+01      0.641750    1.2739e+00
1127      3.547e+01      0.641125    1.2540e+00
1128      3.550e+01      0.640469    1.2728e+00
1129      3.553e+01      0.639844    1.2567e+00
1130      3.556e+01      0.639219    1.2779e+00
1131      3.560e+01      0.638594    1.2530e+00
1132      3.563e+01      0.637969    1.2776e+00
1133      3.566e+01      0.637313    1.2520e+00
1134      3.569e+01      0.636688    1.2764e+00
1135      3.572e+01      0.636063    1.2611e+00
1136      3.575e+01      0.635438    1.2774e+00
1137      3.578e+01      0.634813    1.2603e+00
1138      3.582e+01      0.634156    1.2623e+00
1139      3.585e+01      0.633531    1.2660e+00
1140      3.588e+01      0.632906    1.2612e+00
1141      3.591e+01      0.632281    1.2783e+00
1142      3.594e+01      0.631656    1.2573e+00
1143      3.597e+01      0.631031    1.2760e+00
1144      3.600e+01      0.630375    1.2520e+00
1145      3.604e+01      0.629750    1.2727e+00
1146      3.607e+01      0.629125    1.2567e+00
1147      3.610e+01      0.628500    1.2752e+00
1148      3.613e+01      0.627875    1.2585e+00
1149      3.616e+01      0.627219    1.2749e+00
1150      3.619e+01      0.626594    1.2552e+00
1151      3.623e+01      0.625969    1.2733e+00
1152      3.626e+01      0.625344    1.2496e+00
1153      3.629e+01      0.624719    1.2789e+00
1154      3.632e+01      0.624063    1.2577e+00
1155      3.635e+01      0.623438    1.2779e+00
1156      3.638e+01      0.622813    1.2579e+00
1157      3.641e+01      0.622188    1.2690e+00
1158      3.645e+01      0.621563    1.2610e+00
1159      3.648e+01      0.620938    1.2654e+00
1160      3.651e+01      0.620281    1.2720e+00
1161      3.654e+01      0.619656    1.2636e+00
1162      3.657e+01      0.619031    1.2720e+00
1163      3.660e+01      0.618406    1.2520e+00
1164      3.663e+01      0.617781    1.2725e+00
1165      3.667e+01      0.617125    1.2546e+00
1166      3.670e+01      0.616500    1.2706e+00
1167      3.673e+01      0.615875    1.2572e+00
1168      3.676e+01      0.615250    1.2727e+00
1169      3.679e+01      0.614594    1.2543e+00
1170      3.682e+01      0.614000    1.2741e+00
1171      3.686e+01      0.613344    1.2501e+00
1172      3.689e+01      0.612719    1.2785e+00
1173      3.692e+01      0.612094    1.2494e+00
1174      3.695e+01      0.611469    1.2781e+00
1175      3.698e+01      0.610844    1.2507e+00
1176      3.701e+01      0.610188    1.2684e+00
1177      3.704e+01      0.609563    1.2504e+00
1178      3.708e+01      0.608938    1.2672e+00
1179      3.711e+01      0.608313    1.2683e+00
1180      3.714e+01      0.607688    1.2613e+00
1181      3.717e+01      0.607031    1.2643e+00
1182      3.720e+01      0.606406    1.2546e+00
1183      3.723e+01      0.605781    1.2690e+00
1184      3.726e+01      0.605156    1.2530e+00
1185      3.730e+01      0.604500    1.2669e+00
1186      3.733e+01      0.603906    1.2544e+00
1187      3.736e+01      0.603250    1.2686e+00
1188      3.739e+01      0.602625    1.2480e+00
1189      3.742e+01      0.602000    1.2641e+00
1190      3.745e+01      0.601375    1.2501e+00
1191      3.749e+01      0.600750    1.2692e+00
1192      3.752e+01      0.600094    1.2428e+00
1193      3.755e+01      0.599469    1.2720e+00
1194      3.758e+01      0.598844    1.2460e+00
1195      3.761e+01      0.598219    1.2682e+00
1196      3.764e+01      0.597594    1.2435e+00
1197      3.767e+01      0.596938    1.2686e+00
1198      3.771e+01      0.596313    1.2587e+00
1199      3.774e+01      0.595688    1.2609e+00
1200      3.777e+01      0.595063    1.2562e+00
1201      3.780e+01      0.594406    1.2544e+00
1202      3.783e+01      0.593813    1.2567e+00
1203      3.786e+01      0.593156    1.2524e+00
1204      3.789e+01      0.592531    1.2624e+00
1205      3.793e+01      0.591906    1.2523e+00
1206      3.796e+01      0.591281    1.2605e+00
1207      3.799e+01      0.590656    1.2471e+00
1208      3.802e+01      0.590000    1.2628e+00
1209      3.805e+01      0.589375    1.2473e+00
1210      3.808e+01      0.588750    1.2603e+00
1211      3.812e+01      0.588125    1.2426e+00
1212      3.815e+01      0.587500    1.2648e+00
1213      3.818e+01      0.586844    1.2398e+00
1214      3.821e+01      0.586219    1.2596e+00
1215      3.824e+01      0.585594    1.2376e+00
1216      3.827e+01      0.584969    1.2645e+00
1217      3.830e+01      0.584313    1.2430e+00
1218      3.834e+01      0.583719    1.2605e+00
1219      3.837e+01      0.583063    1.2420e+00
1220      3.840e+01      0.582438    1.2542e+00
1221      3.843e+01      0.581813    1.2470e+00
1222      3.846e+01      0.581188    1.2511e+00
1223      3.849e+01      0.580531    1.2532e+00
1224      3.852e+01      0.579906    1.2505e+00
1225      3.856e+01      0.579281    1.2492e+00
1226      3.859e+01      0.578656    1.2465e+00
1227      3.862e+01      0.578031    1.2494e+00
1228      3.865e+01      0.577406    1.2412e+00
1229      3.868e+01      0.576750    1.2525e+00
1230      3.871e+01      0.576125    1.2367e+00
1231      3.875e+01      0.575500    1.2568e+00
1232      3.878e+01      0.574875    1.2329e+00
1233      3.881e+01      0.574219    1.2524e+00
1234      3.884e+01      0.573625    1.2315e+00
1235      3.887e+01      0.572969    1.2565e+00
1236      3.890e+01      0.572344    1.2296e+00
1237      3.893e+01      0.571719    1.2534e+00
1238      3.897e+01      0.571094    1.2320e+00
1239      3.900e+01      0.570438    1.2461e+00
1240      3.903e+01      0.569813    1.2367e+00
1241      3.906e+01      0.569188    1.2475e+00
1242      3.909e+01      0.568563    1.2443e+00
1243      3.912e+01      0.567938    1.2409e+00
1244      3.915e+01      0.567313    1.2407e+00
1245      3.919e+01      0.566656    1.2393e+00
1246      3.922e+01      0.566031    1.2424e+00
1247      3.925e+01      0.565406    1.2355e+00
1248      3.928e+01      0.564781    1.2426e+00
1249      3.931e+01      0.564125    1.2327e+00
1250      3.934e+01      0.563531    1.2437e+00
1251      3.938e+01      0.562875    1.2260e+00
1252      3.941e+01      0.562250    1.2470e+00
1253      3.944e+01      0.561625    1.2251e+00
1254      3.947e+01      0.561000    1.2467e+00
1255      3.950e+01      0.560344    1.2202e+00
1256      3.953e+01      0.559719    1.2481e+00
1257      3.956e+01      0.559094    1.2228e+00
1258      3.960e+01      0.558469    1.2390e+00
1259      3.963e+01      0.557844    1.2225e+00
1260      3.966e+01      0.557219    1.2436e+00
1261      3.969e+01      0.556563    1.2275e+00
1262      3.972e+01      0.555938    1.2423e+00
1263      3.975e+01      0.555313    1.2281e+00
1264      3.978e+01      0.554688    1.2312e+00
1265      3.982e+01      0.554031    1.2298e+00
1266      3.985e+01      0.553438    1.2315e+00
1267      3.988e+01      0.552781    1.2304e+00
1268      3.991e+01      0.552156    1.2288e+00
1269      3.994e+01      0.551531    1.2357e+00
1270      3.997e+01      0.550906    1.2254e+00
1271      4.001e+01      0.550250    1.2376e+00
1272      4.004e+01      0.549625    1.2199e+00
1273      4.007e+01      0.549000    1.2379e+00
1274      4.010e+01      0.548375    1.2182e+00
1275      4.013e+01      0.547750    1.2387e+00
1276      4.016e+01      0.547125    1.2129e+00
1277      4.019e+01      0.546469    1.2364e+00
1278      4.023e+01      0.545844    1.2136e+00
1279      4.026e+01      0.545219    1.2316e+00
1280      4.029e+01      0.544594    1.2180e+00
1281      4.032e+01      0.543938    1.2321e+00
1282      4.035e+01      0.543344    1.2168e+00
1283      4.038e+01      0.542688    1.2292e+00
1284      4.041e+01      0.542063    1.2209e+00
1285      4.045e+01      0.541438    1.2278e+00
1286      4.048e+01      0.540813    1.2177e+00
1287      4.051e+01      0.540156    1.2245e+00
1288      4.054e+01      0.539531    1.2215e+00
1289      4.057e+01      0.538906    1.2176e+00
1290      4.060e+01      0.538281    1.2248e+00
1291      4.064e+01      0.537656    1.2157e+00
1292      4.067e+01      0.537031    1.2298e+00
1293      4.070e+01      0.536375    1.2084e+00
1294      4.073e+01      0.535750    1.2294e+00
1295      4.076e+01      0.535125    1.2077e+00
1296      4.079e+01      0.534500    1.2274e+00
1297      4.082e+01      0.533875    1.2042e+00
1298      4.086e+01      0.533250    1.2270e+00
1299      4.089e+01      0.532594    1.2080e+00
1300      4.092e+01      0.531969    1.2223e+00
1301      4.095e+01      0.531344    1.2067e+00
1302      4.098e+01      0.530719    1.2226e+00
1303      4.101e+01      0.530063    1.2119e+00
1304      4.104e+01      0.529438    1.2206e+00
1305      4.108e+01      0.528813    1.2057e+00
1306      4.111e+01      0.528188    1.2218e+00
1307      4.114e+01      0.527563    1.2130e+00
1308      4.117e+01      0.526938    1.2172e+00
1309      4.120e+01      0.526281    1.2176e+00
1310      4.123e+01      0.525656    1.2127e+00
1311      4.127e+01      0.525031    1.2161e+00
1312      4.130e+01      0.524406    1.2047e+00
1313      4.133e+01      0.523781    1.2225e+00
1314      4.136e+01      0.523156    1.2036e+00
1315      4.139e+01      0.522500    1.2226e+00
1316      4.142e+01      0.521875    1.1967e+00
1317      4.145e+01      0.521250    1.2256e+00
1318      4.149e+01      0.520625    1.2022e+00
1319      4.152e+01      0.519969    1.2188e+00
1320      4.155e+01      0.519344    1.2010e+00
1321      4.158e+01      0.518719    1.2174e+00
1322      4.161e+01      0.518094    1.2035e+00
1323      4.164e+01      0.517469    1.2159e+00
1324      4.167e+01      0.516844    1.1992e+00
1325      4.171e+01      0.516188    1.2188e+00
1326      4.174e+01      0.515563    1.2010e+00
1327      4.177e+01      0.514938    1.2160e+00
1328      4.180e+01      0.514313    1.1934e+00
1329      4.183e+01      0.513688    1.2084e+00
1330      4.186e+01      0.513063    1.2085e+00
1331      4.190e+01      0.512406    1.2042e+00
1332      4.193e+01      0.511781    1.2132e+00
1333      4.196e+01      0.511156    1.2012e+00
1334      4.199e+01      0.510531    1.2200e+00
1335      4.202e+01      0.509906    1.1962e+00
1336      4.205e+01      0.509250    1.2182e+00
1337      4.208e+01      0.508625    1.1933e+00
1338      4.212e+01      0.508000    1.2156e+00
1339      4.215e+01      0.507375    1.1980e+00
1340      4.218e+01      0.506750    1.2149e+00
1341      4.221e+01      0.506094    1.1947e+00
1342      4.224e+01      0.505469    1.2112e+00
1343      4.227e+01      0.504844    1.1960e+00
1344      4.230e+01      0.504219    1.2176e+00
1345      4.234e+01      0.503594    1.1893e+00
1346      4.237e+01      0.502969    1.2128e+00
1347      4.240e+01      0.502313    1.1985e+00
1348      4.243e+01      0.501688    1.2111e+00
1349      4.246e+01      0.501063    1.1978e+00
1350      4.249e+01      0.500406    1.2052e+00
1351      4.253e+01      0.499813    1.2038e+00
1352      4.256e+01      0.499156    1.1991e+00
1353      4.259e+01      0.498531    1.2061e+00
1354      4.262e+01      0.497906    1.1903e+00
1355      4.265e+01      0.497281    1.2092e+00
1356      4.268e+01      0.496656    1.1872e+00
1357      4.271e+01      0.496000    1.2095e+00
1358      4.275e+01      0.495375    1.1906e+00
1359      4.278e+01      0.494750    1.2044e+00
1360      4.281e+01      0.494125    1.1879e+00
1361      4.284e+01      0.493500    1.2064e+00
1362      4.287e+01      0.492875    1.1904e+00
1363      4.290e+01      0.492219    1.2057e+00
1364      4.293e+01      0.491594    1.1872e+00
1365      4.297e+01      0.490969    1.2079e+00
1366      4.300e+01      0.490344    1.1860e+00
1367      4.303e+01      0.489719    1.2058e+00
1368      4.306e+01      0.489063    1.1866e+00
1369      4.309e+01      0.488438    1.2013e+00
1370      4.312e+01      0.487813    1.1922e+00
1371      4.316e+01      0.487188    1.1983e+00
1372      4.319e+01      0.486563    1.1967e+00
1373      4.322e+01      0.485906    1.1906e+00
1374      4.325e+01      0.485281    1.1983e+00
1375      4.328e+01      0.484656    1.1869e+00
1376      4.331e+01      0.484031    1.2042e+00
1377      4.334e+01      0.483406    1.1811e+00
1378      4.338e+01      0.482781    1.1978e+00
1379      4.341e+01      0.482125    1.1761e+00
1380      4.344e+01      0.481500    1.1981e+00
1381      4.347e+01      0.480875    1.1824e+00
1382      4.350e+01      0.480250    1.1974e+00
1383      4.353e+01      0.479625    1.1780e+00
1384      4.356e+01      0.478969    1.1978e+00
1385      4.360e+01      0.478344    1.1741e+00
1386      4.363e+01      0.477719    1.1982e+00
1387      4.366e+01      0.477094    1.1742e+00
1388      4.369e+01      0.476438    1.1950e+00
1389      4.372e+01      0.475813    1.1781e+00
1390      4.375e+01      0.475188    1.1937e+00
1391      4.379e+01      0.474563    1.1800e+00
1392      4.382e+01      0.473938    1.1820e+00
1393      4.385e+01      0.473313    1.1827e+00
1394      4.388e+01      0.472688    1.1806e+00
1395      4.391e+01      0.472031    1.1924e+00
1396      4.394e+01      0.471406    1.1732e+00
1397      4.397e+01      0.470781    1.1886e+00
1398      4.401e+01      0.470125    1.1729e+00
1399      4.404e+01      0.469531    1.1850e+00
1400      4.407e+01      0.468875    1.1714e+00
1401      4.410e+01      0.468250    1.1866e+00
1402      4.413e+01      0.467625    1.1708e+00
1403      4.416e+01      0.467000    1.1866e+00
1404      4.419e+01      0.466344    1.1652e+00
1405      4.423e+01      0.465719    1.1859e+00
1406      4.426e+01      0.465094    1.1639e+00
1407      4.429e+01      0.464469    1.1820e+00
1408      4.432e+01      0.463844    1.1650e+00
1409      4.435e+01      0.463219    1.1863e+00
1410      4.438e+01      0.462594    1.1619e+00
1411      4.442e+01      0.461938    1.1827e+00
1412      4.445e+01      0.461313    1.1693e+00
1413      4.448e+01      0.460688    1.1771e+00
1414      4.451e+01      0.460063    1.1786e+00
1415      4.454e+01      0.459438    1.1691e+00
1416      4.457e+01      0.458781    1.1774e+00
1417      4.460e+01      0.458156    1.1623e+00
1418      4.464e+01      0.457531    1.1727e+00
1419      4.467e+01      0.456906    1.1651e+00
1420      4.470e+01      0.456250    1.1761e+00
1421      4.473e+01      0.455625    1.1608e+00
1422      4.476e+01      0.455000    1.1763e+00
1423      4.479e+01      0.454375    1.1561e+00
1424      4.482e+01      0.453750    1.1732e+00
1425      4.486e+01      0.453125    1.1517e+00
1426      4.489e+01      0.452500    1.1739e+00
1427      4.492e+01      0.451844    1.1506e+00
1428      4.495e+01      0.451219    1.1772e+00
1429      4.498e+01      0.450594    1.1473e+00
1430      4.501e+01      0.449969    1.1675e+00
1431      4.505e+01      0.449344    1.1527e+00
1432      4.508e+01      0.448688    1.1669e+00
1433      4.511e+01      0.448063    1.1577e+00
1434      4.514e+01      0.447438    1.1625e+00
1435      4.517e+01      0.446813    1.1571e+00
1436      4.520e+01      0.446156    1.1527e+00
1437      4.523e+01      0.445531    1.1600e+00
1438      4.527e+01      0.444906    1.1527e+00
1439      4.530e+01      0.444281    1.1614e+00
1440      4.533e+01      0.443656    1.1519e+00
1441      4.536e+01      0.443031    1.1609e+00
1442      4.539e+01      0.442375    1.1417e+00
1443      4.542e+01      0.441750    1.1597e+00
1444      4.545e+01      0.441125    1.1394e+00
1445      4.549e+01      0.440500    1.1634e+00
1446      4.552e+01      0.439875    1.1340e+00
1447      4.555e+01      0.439250    1.1613e+00
1448      4.558e+01      0.438594    1.1320e+00
1449      4.561e+01      0.437969    1.1604e+00
1450      4.564e+01      0.437344    1.1299e+00
1451      4.568e+01      0.436719    1.1561e+00
1452      4.571e+01      0.436063    1.1393e+00
1453      4.574e+01      0.435438    1.1512e+00
1454      4.577e+01      0.434813    1.1358e+00
1455      4.580e+01      0.434188    1.1405e+00
1456      4.583e+01      0.433563    1.1395e+00
1457      4.586e+01      0.432938    1.1440e+00
1458      4.590e+01      0.432281    1.1411e+00
1459      4.593e+01      0.431656    1.1396e+00
1460      4.596e+01      0.431031    1.1414e+00
1461      4.599e+01      0.430406    1.1323e+00
1462      4.602e+01      0.429781    1.1406e+00
1463      4.605e+01      0.429156    1.1325e+00
1464      4.608e+01      0.428500    1.1423e+00
1465      4.612e+01      0.427875    1.1216e+00
1466      4.615e+01      0.427250    1.1457e+00
1467      4.618e+01      0.426625    1.1192e+00
1468      4.621e+01      0.425969    1.1415e+00
1469      4.624e+01      0.425344    1.1152e+00
1470      4.627e+01      0.424719    1.1429e+00
1471      4.631e+01      0.424094    1.1186e+00
1472      4.634e+01      0.423469    1.1379e+00
1473      4.637e+01      0.422844    1.1191e+00
1474      4.640e+01      0.422188    1.1356e+00
1475      4.643e+01      0.421563    1.1184e+00
1476      4.646e+01      0.420938    1.1265e+00
1477      4.649e+01      0.420313    1.1238e+00
1478      4.653e+01      0.419688    1.1267e+00
1479      4.656e+01      0.419063    1.1179e+00
1480      4.659e+01      0.418406    1.1180e+00
1481      4.662e+01      0.417781    1.1176e+00
1482      4.665e+01      0.417156    1.1196e+00
1483      4.668e+01      0.416531    1.1218e+00
1484      4.671e+01      0.415875    1.1091e+00
1485      4.675e+01      0.415250    1.1281e+00
1486      4.678e+01      0.414625    1.1030e+00
1487      4.681e+01      0.414000    1.1283e+00
1488      4.684e+01      0.413375    1.0988e+00
1489      4.687e+01      0.412750    1.1284e+00
1490      4.690e+01      0.412094    1.0970e+00
1491      4.694e+01      0.411469    1.1228e+00
1492      4.697e+01      0.410844    1.0993e+00
1493      4.700e+01      0.410219    1.1188e+00
1494      4.703e+01      0.409594    1.0986e+00
1495      4.706e+01      0.408969    1.1195e+00
1496      4.709e+01      0.408313    1.1066e+00
1497      4.712e+01      0.407688    1.1146e+00
1498      4.716e+01      0.407063    1.0933e+00
1499      4.719e+01      0.406438    1.1112e+00
1500      4.722e+01      0.405781    1.1003e+00
1501      4.725e+01      0.405188    1.1055e+00
1502      4.728e+01      0.404531    1.0965e+00
1503      4.731e+01      0.403906    1.1042e+00
1504      4.734e+01      0.403281    1.1023e+00
1505      4.738e+01      0.402656    1.0900e+00
1506      4.741e+01      0.402000    1.1054e+00
1507      4.744e+01      0.401375    1.0858e+00
1508      4.747e+01      0.400750    1.1049e+00
1509      4.750e+01      0.400125    1.0776e+00
1510      4.753e+01      0.399500    1.1062e+00
1511      4.757e+01      0.398875    1.0796e+00
1512      4.760e+01      0.398219    1.1005e+00
1513      4.763e+01      0.397594    1.0766e+00
1514      4.766e+01      0.396969    1.1015e+00
1515      4.769e+01      0.396344    1.0806e+00
1516      4.772e+01      0.395719    1.0951e+00
1517      4.775e+01      0.395063    1.0752e+00
1518      4.779e+01      0.394438    1.0971e+00
1519      4.782e+01      0.393813    1.0732e+00
1520      4.785e+01      0.393188    1.0939e+00
1521      4.788e+01      0.392563    1.0729e+00
1522      4.791e+01      0.391906    1.0895e+00
1523      4.794e+01      0.391281    1.0773e+00
1524      4.797e+01      0.390656    1.0806e+00
1525      4.801e+01      0.390031    1.0825e+00
1526      4.804e+01      0.389406    1.0687e+00
1527      4.807e+01      0.388781    1.0825e+00
1528      4.810e+01      0.388125    1.0652e+00
1529      4.813e+01      0.387500    1.0868e+00
1530      4.816e+01      0.386875    1.0573e+00
1531      4.820e+01      0.386250    1.0687e+00
1532      4.823e+01      0.385625    1.0594e+00
1533      4.826e+01      0.385000    1.0800e+00
1534      4.829e+01      0.384344    1.0559e+00
1535      4.832e+01      0.383719    1.0771e+00
1536      4.835e+01      0.383094    1.0569e+00
1537      4.838e+01      0.382469    1.0744e+00
1538      4.842e+01      0.381813    1.0482e+00
1539      4.845e+01      0.381188    1.0761e+00
1540      4.848e+01      0.380563    1.0434e+00
1541      4.851e+01      0.379938    1.0737e+00
1542      4.854e+01      0.379313    1.0461e+00
1543      4.857e+01      0.378688    1.0694e+00
1544      4.860e+01      0.378031    1.0526e+00
1545      4.864e+01      0.377406    1.0556e+00
1546      4.867e+01      0.376781    1.0559e+00
1547      4.870e+01      0.376156    1.0476e+00
1548      4.873e+01      0.375531    1.0587e+00
1549      4.876e+01      0.374906    1.0391e+00
1550      4.879e+01      0.374250    1.0573e+00
1551      4.883e+01      0.373625    1.0401e+00
1552      4.886e+01      0.373000    1.0545e+00
1553      4.889e+01      0.372344    1.0349e+00
1554      4.892e+01      0.371750    1.0543e+00
1555      4.895e+01      0.371094    1.0334e+00
1556      4.898e+01      0.370469    1.0500e+00
1557      4.901e+01      0.369844    1.0203e+00
1558      4.905e+01      0.369219    1.0520e+00
1559      4.908e+01      0.368594    1.0175e+00
1560      4.911e+01      0.367938    1.0525e+00
1561      4.914e+01      0.367313    1.0166e+00
1562      4.917e+01      0.366688    1.0484e+00
1563      4.920e+01      0.366063    1.0178e+00
1564      4.923e+01      0.365438    1.0414e+00
1565      4.927e+01      0.364813    1.0221e+00
1566      4.930e+01      0.364156    1.0297e+00
1567      4.933e+01      0.363531    1.0257e+00
1568      4.936e+01      0.362906    1.0212e+00
1569      4.939e+01      0.362250    1.0267e+00
1570      4.942e+01      0.361656    1.0137e+00
1571      4.946e+01      0.361000    1.0229e+00
1572      4.949e+01      0.360375    1.0100e+00
1573      4.952e+01      0.359750    1.0238e+00
1574      4.955e+01      0.359125    1.0077e+00
1575      4.958e+01      0.358500    1.0202e+00
1576      4.961e+01      0.357844    9.9855e-01
1577      4.964e+01      0.357219    1.0186e+00
1578      4.968e+01      0.356594    9.9411e-01
1579      4.971e+01      0.355969    1.0267e+00
1580      4.974e+01      0.355344    9.8648e-01
1581      4.977e+01      0.354719    1.0244e+00
1582      4.980e+01      0.354063    9.7234e-01
1583      4.983e+01      0.353438    1.0165e+00
1584      4.986e+01      0.352813    9.8147e-01
1585      4.990e+01      0.352156    1.0122e+00
1586      4.993e+01      0.351563    9.8915e-01
1587      4.996e+01      0.350906    9.9944e-01
1588      4.999e+01      0.350281    9.9277e-01
1589      5.002e+01      0.349656    9.9084e-01
1590      5.005e+01      0.349031    9.9325e-01
1591      5.009e+01      0.348406    9.8855e-01
1592      5.012e+01      0.347750    9.9071e-01
1593      5.015e+01      0.347125    9.8001e-01
1594      5.018e+01      0.346500    9.8908e-01
1595      5.021e+01      0.345875    9.6960e-01
1596      5.024e+01      0.345250    9.7998e-01
1597      5.027e+01      0.344625    9.7178e-01
1598      5.031e+01      0.343969    9.9057e-01
1599      5.034e+01      0.343344    9.5743e-01
1600      5.037e+01      0.342719    9.8734e-01
1601      5.040e+01      0.342063    9.4451e-01
1602      5.043e+01      0.341469    9.8672e-01
1603      5.046e+01      0.340813    9.3907e-01
1604      5.049e+01      0.340188    9.8386e-01
1605      5.053e+01      0.339563    9.4459e-01
1606      5.056e+01      0.338938    9.6951e-01
1607      5.059e+01      0.338281    9.4577e-01
1608      5.062e+01      0.337656    9.6018e-01
1609      5.065e+01      0.337031    9.4674e-01
1610      5.068e+01      0.336406    9.5065e-01
1611      5.072e+01      0.335781    9.5696e-01
1612      5.075e+01      0.335156    9.4980e-01
1613      5.078e+01      0.334531    9.3605e-01
1614      5.081e+01      0.333875    9.3550e-01
1615      5.084e+01      0.333250    9.3606e-01
1616      5.087e+01      0.332625    9.3290e-01
1617      5.090e+01      0.331969    9.4473e-01
1618      5.094e+01      0.331375    9.2330e-01
1619      5.097e+01      0.330719    9.3832e-01
1620      5.100e+01      0.330094    9.0076e-01
1621      5.103e+01      0.329469    9.4089e-01
1622      5.106e+01      0.328844    8.9864e-01
1623      5.109e+01      0.328188    9.4591e-01
1624      5.112e+01      0.327563    8.9307e-01
1625      5.116e+01      0.326938    9.3287e-01
1626      5.119e+01      0.326313    8.9349e-01
1627      5.122e+01      0.325688    9.2386e-01
1628      5.125e+01      0.325063    8.9871e-01
1629      5.128e+01      0.324438    9.1078e-01
1630      5.131e+01      0.323781    9.0488e-01
1631      5.135e+01      0.323156    9.0469e-01
1632      5.138e+01      0.322531    8.9085e-01
1633      5.141e+01      0.321906    8.8480e-01
1634      5.144e+01      0.321281    8.8170e-01
1635      5.147e+01      0.320625    8.9377e-01
1636      5.150e+01      0.320000    8.8581e-01
1637      5.153e+01      0.319375    8.8618e-01
1638      5.157e+01      0.318750    8.8332e-01
1639      5.160e+01      0.318094    8.6692e-01
1640      5.163e+01      0.317469    8.8474e-01
1641      5.166e+01      0.316844    8.6486e-01
1642      5.169e+01      0.316219    8.9142e-01
1643      5.172e+01      0.315594    8.5021e-01
1644      5.175e+01      0.314969    8.8659e-01
1645      5.179e+01      0.314344    8.3921e-01
1646      5.182e+01      0.313688    8.7978e-01
1647      5.185e+01      0.313063    8.4496e-01
1648      5.188e+01      0.312438    8.6965e-01
1649      5.191e+01      0.311781    8.5543e-01
1650      5.194e+01      0.311188    8.6321e-01
1651      5.198e+01      0.310531    8.4192e-01
1652      5.201e+01      0.309906    8.5716e-01
1653      5.204e+01      0.309281    8.3976e-01
1654      5.207e+01      0.308656    8.5634e-01
1655      5.210e+01      0.308000    8.4161e-01
1656      5.213e+01      0.307375    8.5301e-01
1657      5.216e+01      0.306750    8.3413e-01
1658      5.220e+01      0.306125    8.2810e-01
1659      5.223e+01      0.305500    8.3676e-01
1660      5.226e+01      0.304875    8.2934e-01
1661      5.229e+01      0.304219    8.4834e-01
1662      5.232e+01      0.303594    8.1835e-01
1663      5.235e+01      0.302969    8.4819e-01
1664      5.238e+01      0.302344    8.0888e-01
1665      5.242e+01      0.301688    8.4119e-01
1666      5.245e+01      0.301094    8.0840e-01
1667      5.248e+01      0.300438    8.3608e-01
1668      5.251e+01      0.299813    8.1448e-01
1669      5.254e+01      0.299188    8.2944e-01
1670      5.257e+01      0.298563    8.0939e-01
1671      5.261e+01      0.297906    8.1343e-01
1672      5.264e+01      0.297281    8.0665e-01
1673      5.267e+01      0.296656    8.1989e-01
1674      5.270e+01      0.296031    8.1486e-01
1675      5.273e+01      0.295406    8.2528e-01
1676      5.276e+01      0.294781    7.9600e-01
1677      5.279e+01      0.294125    8.0892e-01
1678      5.283e+01      0.293500    7.9685e-01
1679      5.286e+01      0.292875    8.0617e-01
1680      5.289e+01      0.292250    8.2060e-01
1681      5.292e+01      0.291625    7.9807e-01
1682      5.295e+01      0.291000    8.0830e-01
1683      5.298e+01      0.290344    7.7184e-01
1684      5.301e+01      0.289719    8.0273e-01
1685      5.305e+01      0.289094    7.8141e-01
1686      5.308e+01      0.288469    8.0177e-01
1687      5.311e+01      0.287813    7.9320e-01
1688      5.314e+01      0.287188    8.0144e-01
1689      5.317e+01      0.286563    7.7848e-01
1690      5.320e+01      0.285938    7.9633e-01
1691      5.324e+01      0.285313    7.7313e-01
1692      5.327e+01      0.284688    7.9887e-01
1693      5.330e+01      0.284031    7.7960e-01
1694      5.333e+01      0.283406    8.0022e-01
1695      5.336e+01      0.282781    7.6676e-01
1696      5.339e+01      0.282156    7.8425e-01
1697      5.342e+01      0.281531    7.6233e-01
1698      5.346e+01      0.280906    7.8738e-01
1699      5.349e+01      0.280250    7.7717e-01
1700      5.352e+01      0.279625    7.7728e-01
1701      5.355e+01      0.279000    7.7976e-01
1702      5.358e+01      0.278375    7.5754e-01
1703      5.361e+01      0.277719    7.7363e-01
1704      5.364e+01      0.277094    7.5720e-01
1705      5.368e+01      0.276469    7.7356e-01
1706      5.371e+01      0.275844    7.5171e-01
1707      5.374e+01      0.275219    7.6897e-01
1708      5.377e+01      0.274594    7.4452e-01
1709      5.380e+01      0.273938    7.5473e-01
1710      5.383e+01      0.273313    7.3777e-01
1711      5.387e+01      0.272688    7.5826e-01
1712      5.390e+01      0.272063    7.4035e-01
1713      5.393e+01      0.271438    7.5501e-01
1714      5.396e+01      0.270813    7.2760e-01
1715      5.399e+01      0.270156    7.4078e-01
1716      5.402e+01      0.269531    7.1410e-01
1717      5.405e+01      0.268906    7.5197e-01
1718      5.409e+01      0.268281    7.0948e-01
1719      5.412e+01      0.267625    7.2671e-01
1720      5.415e+01      0.267000    7.0992e-01
1721      5.418e+01      0.266375    7.1534e-01
1722      5.421e+01      0.265750    7.0134e-01
1723      5.424e+01      0.265125    7.0223e-01
1724      5.427e+01      0.264500    7.0575e-01
1725      5.431e+01      0.263844    6.8920e-01
1726      5.434e+01      0.263219    7.0310e-01
1727      5.437e+01      0.262594    6.7520e-01
1728      5.440e+01      0.261969    6.8910e-01
1729      5.443e+01      0.261344    6.6954e-01
1730      5.446e+01      0.260719    6.7252e-01
1731      5.450e+01      0.260063    6.6548e-01
1732      5.453e+01      0.259438    6.7333e-01
1733      5.456e+01      0.258813    6.3815e-01
1734      5.459e+01      0.258188    5.7541e-01
1735      5.462e+01      0.257563    5.8242e-01
1736      5.465e+01      0.256906    6.3943e-01
1737      5.468e+01      0.256281    5.9927e-01
1738      5.472e+01      0.255656    6.2902e-01
1739      5.475e+01      0.255031    5.9087e-01
1740      5.478e+01      0.254406    6.0469e-01
1741      5.481e+01      0.253750    5.8696e-01
1742      5.484e+01      0.253125    5.8032e-01
1743      5.487e+01      0.252500    5.7903e-01
1744      5.490e+01      0.251875    5.6871e-01
1745      5.494e+01      0.251250    5.6127e-01
1746      5.497e+01      0.250625    5.3696e-01
1747      5.500e+01      0.249969    5.2994e-01
1748      5.503e+01      0.249344    5.0394e-01
1749      5.506e+01      0.248719    5.1481e-01
1750      5.509e+01      0.248094    5.0165e-01
1751      5.513e+01      0.247469    4.9674e-01
1752      5.516e+01      0.246813    4.7100e-01
1753      5.519e+01      0.246188    4.6803e-01
1754      5.522e+01      0.245563    4.2906e-01
1755      5.525e+01      0.244938    4.5678e-01
1756      5.528e+01      0.244313    4.0582e-01
1757      5.531e+01      0.243656    4.3996e-01
1758      5.535e+01      0.243031    3.7653e-01
1759      5.538e+01      0.242406    3.8970e-01
1760      5.541e+01      0.241781    3.3911e-01
1761      5.544e+01      0.241156    3.5062e-01
1762      5.547e+01      0.240531    3.3094e-01
1763      5.550e+01      0.239875    3.2969e-01
1764      5.553e+01      0.239250    3.0412e-01
1765      5.557e+01      0.238625    2.7107e-01
1766      5.560e+01      0.238000    2.5691e-01
1767      5.563e+01      0.237375    2.4413e-01
1768      5.566e+01      0.236719    2.1933e-01
1769      5.569e+01      0.236094    2.2022e-01
1770      5.572e+01      0.235469    2.0290e-01
1771      5.576e+01      0.234844    1.7601e-01
1772      5.579e+01      0.234188    1.5497e-01
1773      5.582e+01      0.233594    1.1322e-01
1774      5.585e+01      0.232938    1.2751e-01
1775      5.588e+01      0.232313    8.1418e-02
1776      5.591e+01      0.231688    1.1357e-01
1777      5.594e+01      0.231063    4.4932e-02
1778      5.598e+01      0.230438    6.9775e-02
1779      5.601e+01      0.229781    4.9729e-03
1780      5.604e+01      0.229156    1.9468e-02
1781      5.607e+01      0.228531   -2.3163e-02
1782      5.610e+01      0.227906   -6.1408e-03
1783      5.613e+01      0.227281   -3.6067e-02
1784      5.616e+01      0.226625   -6.6901e-02
1785      5.620e+01      0.226000   -1.1276e-01
1786      5.623e+01      0.225375   -1.1324e-01
1787      5.626e+01      0.224750   -1.1706e-01
1788      5.629e+01      0.224094   -1.1298e-01
1789      5.632e+01      0.223500   -1.4085e-01
1790      5.635e+01      0.222844   -1.4662e-01
1791      5.639e+01      0.222219   -1.5805e-01
1792      5.642e+01      0.221594   -1.7797e-01
1793      5.645e+01      0.220969   -1.6573e-01
1794      5.648e+01      0.220344   -2.0200e-01
1795      5.651e+01      0.219688   -1.5574e-01
1796      5.654e+01      0.219063   -2.1936e-01
1797      5.657e+01      0.218438   -1.8870e-01
1798      5.661e+01      0.217813   -2.5078e-01
1799      5.664e+01      0.217188   -2.1527e-01
1800      5.667e+01      0.216531   -2.4203e-01
1801      5.670e+01      0.215906   -2.0570e-01
1802      5.673e+01      0.215281   -2.3715e-01
1803      5.676e+01      0.214656   -2.1647e-01
1804      5.679e+01      0.214000   -2.3666e-01
1805      5.683e+01      0.213406   -2.3795e-01
1806      5.686e+01      0.212750   -2.3375e-01
1807      5.689e+01      0.212125   -2.1547e-01
1808      5.692e+01      0.211500   -2.2333e-01
1809      5.695e+01      0.210875   -2.1321e-01
1810      5.698e+01      0.210250   -2.3493e-01
1811      5.702e+01      0.209594   -2.3482e-01
1812      5.705e+01      0.208969   -2.0749e-01
1813      5.708e+01      0.208344   -2.0638e-01
1814      5.711e+01      0.207719   -1.6857e-01
1815      5.714e+01      0.207094   -1.9114e-01
1816      5.717e+01      0.206438   -1.5907e-01
1817      5.720e+01      0.205813   -1.8700e-01
1818      5.724e+01      0.205188   -1.5688e-01
1819      5.727e+01      0.204563   -1.5583e-01
1820      5.730e+01      0.203906   -1.0347e-01
1821      5.733e+01      0.203313   -1.4306e-01
1822      5.736e+01      0.202656   -9.9336e-02
1823      5.739e+01      0.202031   -1.2753e-01
1824      5.742e+01      0.201406   -1.0098e-01
1825      5.746e+01      0.200781   -8.8218e-02
1826      5.749e+01      0.200125   -6.8626e-02
1827      5.752e+01      0.199500   -6.2735e-02
1828      5.755e+01      0.198875   -4.5690e-02
1829      5.758e+01      0.198250   -6.1095e-02
1830      5.761e+01      0.197625   -3.6621e-02
1831      5.765e+01      0.197000   -3.0575e-02
1832      5.768e+01      0.196344   -1.0569e-02
1833      5.771e+01      0.195719    1.3731e-02
1834      5.774e+01      0.195094   -5.1453e-04
1835      5.777e+01      0.194469    2.2674e-02
1836      5.780e+01      0.193813   -4.4154e-02
1837      5.783e+01      0.193219    3.4508e-02
1838      5.787e+01      0.192563    1.8771e-02
1839      5.790e+01      0.191938    7.7067e-02
1840      5.793e+01      0.191313    3.8308e-02
1841      5.796e+01      0.190688    7.6466e-02
1842      5.799e+01      0.190031    5.0724e-02
1843      5.802e+01      0.189406    8.3217e-02
1844      5.805e+01      0.188781    7.4451e-02
1845      5.809e+01      0.188156    1.0912e-01
1846      5.812e+01      0.187531    9.9187e-02
1847      5.815e+01      0.186906    1.2039e-01
1848      5.818e+01      0.186250    9.2452e-02
1849      5.821e+01      0.185625    1.1042e-01
1850      5.824e+01      0.185000    1.0498e-01
1851      5.828e+01      0.184375    1.3057e-01
1852      5.831e+01      0.183719    1.3925e-01
1853      5.834e+01      0.183125    1.3679e-01
1854      5.837e+01      0.182469    1.4919e-01
1855      5.840e+01      0.181844    1.2485e-01
1856      5.843e+01      0.181219    1.5724e-01
1857      5.846e+01      0.180594    1.3034e-01
1858      5.850e+01      0.179938    1.7540e-01
1859      5.853e+01      0.179313    1.4484e-01
1860      5.856e+01      0.178688    1.7854e-01
1861      5.859e+01      0.178063    1.3317e-01
1862      5.862e+01      0.177438    1.6135e-01
1863      5.865e+01      0.176813    1.5933e-01
1864      5.868e+01      0.176156    1.8180e-01
1865      5.872e+01      0.175531    1.7200e-01
1866      5.875e+01      0.174906    1.9009e-01
1867      5.878e+01      0.174281    1.6121e-01
1868      5.881e+01      0.173625    1.7532e-01
1869      5.884e+01      0.173031    1.6799e-01
1870      5.887e+01      0.172375    1.8484e-01
1871      5.891e+01      0.171750    1.8299e-01
1872      5.894e+01      0.171125    1.8117e-01
1873      5.897e+01      0.170500    1.7705e-01
1874      5.900e+01      0.169844    1.5353e-01
1875      5.903e+01      0.169219    1.8209e-01
1876      5.906e+01      0.168594    1.6874e-01
1877      5.909e+01      0.167969    2.1392e-01
1878      5.913e+01      0.167344    1.6883e-01
1879      5.916e+01      0.166719    1.9204e-01
1880      5.919e+01      0.166063    1.6802e-01
1881      5.922e+01      0.165438    1.9679e-01
1882      5.925e+01      0.164813    1.7172e-01
1883      5.928e+01      0.164188    1.9142e-01
1884      5.931e+01      0.163531    1.7972e-01
1885      5.935e+01      0.162938    2.0030e-01
1886      5.938e+01      0.162281    1.3128e-01
1887      5.941e+01      0.161656    1.5149e-01
1888      5.944e+01      0.161031    1.5042e-01
1889      5.947e+01      0.160406    1.9164e-01
1890      5.950e+01      0.159750    1.6922e-01
1891      5.954e+01      0.159125    1.9616e-01
1892      5.957e+01      0.158500    1.5966e-01
1893      5.960e+01      0.157875    1.6456e-01
1894      5.963e+01      0.157250    1.6167e-01
1895      5.966e+01      0.156625    1.5761e-01
1896      5.969e+01      0.155969    1.9256e-01
1897      5.972e+01      0.155344    1.6516e-01
1898      5.976e+01      0.154719    1.7169e-01
1899      5.979e+01      0.154094    1.4321e-01
1900      5.982e+01      0.153469    1.6370e-01
1901      5.985e+01      0.152844    1.4321e-01
1902      5.988e+01      0.152188    1.8242e-01
1903      5.991e+01      0.151563    1.5059e-01
1904      5.994e+01      0.150938    1.6851e-01
1905      5.998e+01      0.150313    1.3608e-01
1906      6.001e+01      0.149656    1.6820e-01
1907      6.004e+01      0.149031    1.2552e-01
1908      6.007e+01      0.148406    1.6472e-01
1909      6.010e+01      0.147781    1.4954e-01
1910      6.013e+01      0.147156    1.6614e-01
1911      6.017e+01      0.146531    1.4113e-01
1912      6.020e+01      0.145875    1.2054e-01
1913      6.023e+01      0.145250    1.3859e-01
1914      6.026e+01      0.144625    1.3502e-01
1915      6.029e+01      0.144000    1.6322e-01
1916      6.032e+01      0.143375    1.2764e-01
1917      6.035e+01      0.142750    1.3782e-01
1918      6.039e+01      0.142094    1.1018e-01
1919      6.042e+01      0.141469    1.3553e-01
1920      6.045e+01      0.140844    1.1980e-01
1921      6.048e+01      0.140219    1.3247e-01
1922      6.051e+01      0.139563    1.2512e-01
1923      6.054e+01      0.138938    1.2174e-01
1924      6.057e+01      0.138313    9.4038e-02
1925      6.061e+01      0.137688    1.1711e-01
1926      6.064e+01      0.137063    8.1582e-02
1927      6.067e+01      0.136438    1.2277e-01
1928      6.070e+01      0.135781    8.5371e-02
1929      6.073e+01      0.135156    1.0497e-01
1930      6.076e+01      0.134531    7.6715e-02
1931      6.080e+01      0.133906    8.0663e-02
1932      6.083e+01      0.133281    7.0514e-02
1933      6.086e+01      0.132656    6.7503e-02
1934      6.089e+01      0.132000    8.1660e-02
1935      6.092e+01      0.131375    6.4736e-02
1936      6.095e+01      0.130750    6.1735e-02
1937      6.098e+01      0.130125   -1.1106e-02
1938      6.102e+01      0.129469    8.9248e-03
1939      6.105e+01      0.128844    1.8131e-02
1940      6.108e+01      0.128219    3.5015e-02
1941      6.111e+01      0.127594    2.2600e-02
1942      6.114e+01      0.126969    2.8833e-02
1943      6.117e+01      0.126344    2.9081e-03
1944      6.120e+01      0.125688    1.4739e-02
1945      6.124e+01      0.125063   -1.7540e-02
1946      6.127e+01      0.124438    8.6861e-03
1947      6.130e+01      0.123813   -2.2754e-02
1948      6.133e+01      0.123188   -5.9076e-03
1949      6.136e+01      0.122563   -4.7410e-02
1950      6.139e+01      0.121906   -5.1563e-02
1951      6.143e+01      0.121281   -8.2497e-02
1952      6.146e+01      0.120656   -4.1738e-02
1953      6.149e+01      0.120031   -5.2549e-02
1954      6.152e+01      0.119406   -6.8864e-02
1955      6.155e+01      0.118750   -8.3661e-02
1956      6.158e+01      0.118125   -1.0944e-01
1957      6.161e+01      0.117500   -1.0405e-01
1958      6.165e+01      0.116875   -1.2182e-01
1959      6.168e+01      0.116250   -1.3232e-01
1960      6.171e+01      0.115594   -1.4944e-01
1961      6.174e+01      0.114969   -1.5268e-01
1962      6.177e+01      0.114344   -1.6806e-01
1963      6.180e+01      0.113719   -1.9100e-01
1964      6.183e+01      0.113094   -2.0747e-01
1965      6.187e+01      0.112469   -1.9852e-01
1966      6.190e+01      0.111813   -2.1449e-01
1967      6.193e+01      0.111188   -2.1340e-01
1968      6.196e+01      0.110563   -2.6254e-01
1969      6.199e+01      0.109938   -2.5255e-01
1970      6.202e+01      0.109313   -2.9635e-01
1971      6.206e+01      0.108656   -2.7541e-01
1972      6.209e+01      0.108031   -2.9829e-01
1973      6.212e+01      0.107406   -2.9896e-01
1974      6.215e+01      0.106781   -3.4273e-01
1975      6.218e+01      0.106156   -3.5998e-01
1976      6.221e+01      0.105500   -3.8011e-01
1977      6.224e+01      0.104875   -3.9403e-01
1978      6.228e+01      0.104250   -4.0965e-01
1979      6.231e+01      0.103625   -4.0591e-01
1980      6.234e+01      0.103000   -4.4018e-01
1981      6.237e+01      0.102375   -4.5479e-01
1982      6.240e+01      0.101719   -4.8456e-01
1983      6.243e+01      0.101094   -5.0245e-01
1984      6.246e+01      0.100469   -5.2336e-01
1985      6.250e+01      0.099844   -5.2586e-01
1986      6.253e+01      0.099219   -5.4524e-01
1987      6.256e+01      0.098562   -5.9057e-01
1988      6.259e+01      0.097938   -6.4679e-01
1989      6.262e+01      0.097312   -6.7764e-01
1990      6.265e+01      0.096687   -6.4565e-01
1991      6.269e+01      0.096031   -6.7406e-01
1992      6.272e+01      0.095406   -6.6827e-01
1993      6.275e+01      0.094781   -7.2090e-01
1994      6.278e+01      0.094156   -7.2314e-01
1995      6.281e+01      0.093531   -7.6082e-01
1996      6.284e+01      0.092906   -7.8179e-01
1997      6.287e+01      0.092281   -8.1799e-01
1998      6.291e+01      0.091625   -8.0357e-01
1999      6.294e+01      0.091000   -8.3481e-01
2000      6.297e+01      0.090375   -8.6489e-01
2001      6.300e+01      0.089750   -9.2058e-01
2002      6.303e+01      0.089125   -9.1298e-01
2003      6.306e+01      0.088469   -9.3870e-01
2004      6.309e+01      0.087844   -9.3922e-01
2005      6.313e+01      0.087219   -9.5670e-01
2006      6.316e+01      0.086594   -9.9327e-01
2007      6.319e+01      0.085938   -9.9971e-01
2008      6.322e+01      0.085313   -1.0586e+00
2009      6.325e+01      0.084687   -1.0341e+00
2010      6.328e+01      0.084062   -1.0645e+00
2011      6.332e+01      0.083438   -1.0584e+00
2012      6.335e+01      0.082813   -1.1185e+00
2013      6.338e+01      0.082187   -1.1240e+00
2014      6.341e+01      0.081531   -1.1730e+00
2015      6.344e+01      0.080906   -1.1740e+00
2016      6.347e+01      0.080281   -1.2013e+00
2017      6.350e+01      0.079656   -1.1808e+00
2018      6.354e+01      0.079031   -1.2150e+00
2019      6.357e+01      0.078375   -1.2372e+00
2020      6.360e+01      0.077750   -1.2952e+00
2021      6.363e+01      0.077125   -1.2988e+00
2022      6.366e+01      0.076500   -1.3329e+00
2023      6.369e+01      0.075844   -1.3083e+00
2024      6.372e+01      0.075219   -1.3564e+00
2025      6.376e+01      0.074594   -1.4023e+00
2026      6.379e+01      0.073969   -1.4443e+00
2027      6.382e+01      0.073344   -1.5054e+00
2028      6.385e+01      0.072719   -1.4907e+00
2029      6.388e+01      0.072094   -1.5392e+00
2030      6.391e+01      0.071437   -1.5404e+00
2031      6.395e+01      0.070813   -1.6276e+00
2032      6.398e+01      0.070219   -1.6335e+00
2033      6.401e+01      0.070531   -2.9385e-01
2034      6.404e+01      0.071156    7.6496e-01
2035      6.407e+01      0.071781    1.2709e+00
2036      6.410e+01      0.072406    1.3602e+00
2037      6.413e+01      0.073031    1.4592e+00
2038      6.417e+01      0.073656    1.4573e+00
2039      6.420e+01      0.074313    1.5317e+00
2040      6.423e+01      0.074937    1.5482e+00
2041      6.426e+01      0.075562    1.5636e+00
2042      6.429e+01      0.076187    1.5908e+00
2043      6.432e+01      0.076813    1.6054e+00
2044      6.435e+01      0.077437    1.6597e+00
2045      6.439e+01      0.078094    1.6714e+00
2046      6.442e+01      0.078719    1.7398e+00
2047      6.445e+01      0.079344    1.7473e+00
2048      6.448e+01      0.079969    1.7815e+00
2049      6.451e+01      0.080625    1.7618e+00
2050      6.454e+01      0.081250    1.8181e+00
2051      6.458e+01      0.081875    1.8293e+00
2052      6.461e+01      0.082500    1.9248e+00
2053      6.464e+01      0.083125    1.8819e+00
2054      6.467e+01      0.083750    1.9414e+00
2055      6.470e+01      0.084406    1.8972e+00
2056      6.473e+01      0.085031    1.9613e+00
2057      6.476e+01      0.085656    1.9740e+00
2058      6.480e+01      0.086281    2.0259e+00
2059      6.483e+01      0.086906    2.0318e+00
2060      6.486e+01      0.087531    2.0473e+00
2061      6.489e+01      0.088187    2.0494e+00
2062      6.492e+01      0.088813    2.0539e+00
2063      6.495e+01      0.089437    2.0918e+00
2064      6.498e+01      0.090062    2.0918e+00
2065      6.502e+01      0.090687    2.1451e+00
2066      6.505e+01      0.091344    2.1254e+00
2067      6.508e+01      0.091969    2.1294e+00
2068      6.511e+01      0.092594    2.1214e+00
2069      6.514e+01      0.093219    2.1606e+00
2070      6.517e+01      0.093844    2.1524e+00
2071      6.521e+01      0.094500    2.1941e+00
2072      6.524e+01      0.095125    2.1434e+00
2073      6.527e+01      0.095750    2.1871e+00
2074      6.530e+01      0.096375    2.1053e+00
2075      6.533e+01      0.097000    2.1847e+00
2076      6.536e+01      0.097625    2.1435e+00
2077      6.539e+01      0.098281    2.2519e+00
2078      6.543e+01      0.098906    2.2020e+00
2079      6.546e+01      0.099531    2.1825e+00
2080      6.549e+01      0.100156    2.1588e+00
2081      6.552e+01      0.100781    2.1576e+00
2082      6.555e+01      0.101406    2.1551e+00
2083      6.558e+01      0.102063    2.1575e+00
2084      6.561e+01      0.102688    2.1537e+00
2085      6.565e+01      0.103313    2.1561e+00
2086      6.568e+01      0.103938    2.1403e+00
2087      6.571e+01      0.104594    2.1221e+00
2088      6.574e+01      0.105219    2.1358e+00
2089      6.577e+01      0.105844    2.1260e+00
2090      6.580e+01      0.106469    2.1675e+00
2091      6.584e+01      0.107094    2.1195e+00
2092      6.587e+01      0.107719    2.1476e+00
2093      6.590e+01      0.108375    2.0625e+00
2094      6.593e+01      0.109000    2.1313e+00
2095      6.596e+01      0.109625    2.0656e+00
2096      6.599e+01      0.110250    2.1289e+00
2097      6.602e+01      0.110875    2.0810e+00
2098      6.606e+01      0.111500    2.1055e+00
2099      6.609e+01      0.112156    2.0538e+00
2100      6.612e+01      0.112781    2.0721e+00
2101      6.615e+01      0.113406    2.0765e+00
2102      6.618e+01      0.114031    2.0704e+00
2103      6.621e+01      0.114688    2.0777e+00
2104      6.624e+01      0.115313    2.0754e+00
2105      6.628e+01      0.115938    2.0490e+00
2106      6.631e+01      0.116563    2.0360e+00
2107      6.634e+01      0.117188    2.0332e+00
2108      6.637e+01      0.117813    2.0337e+00
2109      6.640e+01      0.118469    2.0594e+00
2110      6.643e+01      0.119094    2.0257e+00
2111      6.647e+01      0.119719    2.0498e+00
2112      6.650e+01      0.120344    1.9886e+00
2113      6.653e+01      0.120969    2.0366e+00
2114      6.656e+01      0.121594    1.9897e+00
2115      6.659e+01      0.122250    2.0671e+00
2116      6.662e+01      0.122875    1.9885e+00
2117      6.665e+01      0.123500    2.0290e+00
2118      6.669e+01      0.124156    1.9847e+00
2119      6.672e+01      0.124750    2.0056e+00
2120      6.675e+01      0.125406    2.0031e+00
2121      6.678e+01      0.126031    2.0069e+00
2122      6.681e+01      0.126656    1.9983e+00
2123      6.684e+01      0.127281    1.9954e+00
2124      6.687e+01      0.127906    1.9876e+00
2125      6.691e+01      0.128563    1.9807e+00
2126      6.694e+01      0.129188    1.9871e+00
2127      6.697e+01      0.129813    1.9961e+00
2128      6.700e+01      0.130438    2.0737e+00
2129      6.703e+01      0.131063    2.0072e+00
2130      6.706e+01      0.131688    1.9960e+00
2131      6.710e+01      0.132344    1.9518e+00
2132      6.713e+01      0.132969    1.9917e+00
2133      6.716e+01      0.133594    1.9557e+00
2134      6.719e+01      0.134250    2.0078e+00
2135      6.722e+01      0.134844    1.9542e+00
2136      6.725e+01      0.135500    1.9998e+00
2137      6.728e+01      0.136125    1.9390e+00
2138      6.732e+01      0.136750    1.9813e+00
2139      6.735e+01      0.137375    1.9456e+00
2140      6.738e+01      0.138000    1.9712e+00
2141      6.741e+01      0.138656    1.9722e+00
2142      6.744e+01      0.139281    1.9739e+00
2143      6.747e+01      0.139906    1.9476e+00
2144      6.750e+01      0.140531    1.9438e+00
2145      6.754e+01      0.141156    1.9415e+00
2146      6.757e+01      0.141781    1.9642e+00
2147      6.760e+01      0.142438    1.9477e+00
2148      6.763e+01      0.143063    1.9535e+00
2149      6.766e+01      0.143688    1.9448e+00
2150      6.769e+01      0.144344    1.9186e+00
2151      6.773e+01      0.144938    1.9424e+00
2152      6.776e+01      0.145594    1.9129e+00
2153      6.779e+01      0.146219    1.9807e+00
2154      6.782e+01      0.146844    1.9204e+00
2155      6.785e+01      0.147469    1.9513e+00
2156      6.788e+01      0.148094    1.8934e+00
2157      6.791e+01      0.148750    1.9253e+00
2158      6.795e+01      0.149375    1.9014e+00
2159      6.798e+01      0.150000    1.9398e+00
2160      6.801e+01      0.150625    1.9075e+00
2161      6.804e+01      0.151250    1.9269e+00
2162      6.807e+01      0.151875    1.8997e+00
2163      6.810e+01      0.152531    1.9041e+00
2164      6.813e+01      0.153156    1.8999e+00
2165      6.817e+01      0.153781    1.9140e+00
2166      6.820e+01      0.154406    1.9084e+00
2167      6.823e+01      0.155031    1.9173e+00
2168      6.826e+01      0.155688    1.8965e+00
2169      6.829e+01      0.156313    1.8719e+00
2170      6.832e+01      0.156938    1.8914e+00
2171      6.836e+01      0.157563    1.8846e+00
2172      6.839e+01      0.158219    1.9194e+00
2173      6.842e+01      0.158844    1.8721e+00
2174      6.845e+01      0.159469    1.9077e+00
2175      6.848e+01      0.160094    1.8617e+00
2176      6.851e+01      0.160719    1.9022e+00
2177      6.854e+01      0.161344    1.8641e+00
2178      6.858e+01      0.161969    1.9219e+00
2179      6.861e+01      0.162625    1.9011e+00
2180      6.864e+01      0.163250    1.8937e+00
2181      6.867e+01      0.163875    1.8776e+00
2182      6.870e+01      0.164531    1.8773e+00
2183      6.873e+01      0.165125    1.8558e+00
2184      6.876e+01      0.165781    1.8931e+00
2185      6.880e+01      0.166406    1.8736e+00
2186      6.883e+01      0.167031    1.9001e+00
2187      6.886e+01      0.167656    1.8534e+00
2188      6.889e+01      0.168313    1.8750e+00
2189      6.892e+01      0.168938    1.8633e+00
2190      6.895e+01      0.169563    1.8761e+00
2191      6.899e+01      0.170188    1.8878e+00
2192      6.902e+01      0.170813    1.8743e+00
2193      6.905e+01      0.171438    1.8949e+00
2194      6.908e+01      0.172063    1.8501e+00
2195      6.911e+01      0.172719    1.8946e+00
2196      6.914e+01      0.173344    1.8613e+00
2197      6.917e+01      0.173969    1.9005e+00
2198      6.921e+01      0.174625    1.8725e+00
2199      6.924e+01      0.175219    1.8984e+00
2200      6.927e+01      0.175875    1.8676e+00
2201      6.930e+01      0.176500    1.8808e+00
2202      6.933e+01      0.177125    1.8636e+00
2203      6.936e+01      0.177750    1.9059e+00
2204      6.939e+01      0.178406    1.8992e+00
2205      6.943e+01      0.179031    1.9103e+00
2206      6.946e+01      0.179656    1.8850e+00
2207      6.949e+01      0.180281    1.8959e+00
2208      6.952e+01      0.180906    1.8698e+00
2209      6.955e+01      0.181531    1.9041e+00
2210      6.958e+01      0.182188    1.9090e+00
2211      6.962e+01      0.182813    1.9168e+00
2212      6.965e+01      0.183438    1.9142e+00
2213      6.968e+01      0.184063    1.8914e+00
2214      6.971e+01      0.184688    1.9260e+00
2215      6.974e+01      0.185313    1.9001e+00
2216      6.977e+01      0.185969    1.9442e+00
2217      6.980e+01      0.186594    1.9236e+00
2218      6.984e+01      0.187219    1.9428e+00
2219      6.987e+01      0.187844    1.9251e+00
2220      6.990e+01      0.188500    1.9334e+00
2221      6.993e+01      0.189125    1.9281e+00
2222      6.996e+01      0.189750    1.9668e+00
2223      6.999e+01      0.190375    1.9378e+00
2224      7.002e+01      0.191000    1.9836e+00
2225      7.006e+01      0.191625    1.9429e+00
2226      7.009e+01      0.192281    1.9782e+00
2227      7.012e+01      0.192906    1.9479e+00
2228      7.015e+01      0.193531    1.9992e+00
2229      7.018e+01      0.194156    2.0122e+00
2230      7.021e+01      0.194813    2.0187e+00
2231      7.025e+01      0.195406    2.0091e+00
2232      7.028e+01      0.196063    2.0016e+00
2233      7.031e+01      0.196688    2.0293e+00
2234      7.034e+01      0.197313    2.0107e+00
2235      7.037e+01      0.197938    2.0478e+00
2236      7.040e+01      0.198594    2.0362e+00
2237      7.043e+01      0.199219    2.0632e+00
2238      7.047e+01      0.199844    2.0618e+00
2239      7.050e+01      0.200469    2.0560e+00
2240      7.053e+01      0.201094    2.0627e+00
2241      7.056e+01      0.201719    2.1000e+00
2242      7.059e+01      0.202375    2.0976e+00
2243      7.062e+01      0.203000    2.1284e+00
2244      7.065e+01      0.203625    2.0970e+00
2245      7.069e+01      0.204250    2.1344e+00
2246      7.072e+01      0.204875    2.1011e+00
2247      7.075e+01      0.205500    2.1735e+00
2248      7.078e+01      0.206156    2.1411e+00
2249      7.081e+01      0.206781    2.1874e+00
2250      7.084e+01      0.207406    2.1673e+00
2251      7.088e+01      0.208031    2.1879e+00
2252      7.091e+01      0.208688    2.1837e+00
2253      7.094e+01      0.209313    2.1931e+00
2254      7.097e+01      0.209938    2.2232e+00
2255      7.100e+01      0.210563    2.2397e+00
2256      7.103e+01      0.211188    2.2424e+00
2257      7.106e+01      0.211813    2.2455e+00
2258      7.110e+01      0.212469    2.2330e+00
2259      7.113e+01      0.213094    2.2554e+00
2260      7.116e+01      0.213719    2.2839e+00
2261      7.119e+01      0.214344    2.2662e+00
2262      7.122e+01      0.214969    2.3072e+00
2263      7.125e+01      0.215594    2.2692e+00
2264      7.128e+01      0.216250    2.2978e+00
2265      7.132e+01      0.216875    2.2643e+00
2266      7.135e+01      0.217500    2.3394e+00
2267      7.138e+01      0.218125    2.2969e+00
2268      7.141e+01      0.218781    2.3462e+00
2269      7.144e+01      0.219406    2.3097e+00
2270      7.147e+01      0.220031    2.3270e+00
2271      7.151e+01      0.220656    2.3105e+00
2272      7.154e+01      0.221281    2.3237e+00
2273      7.157e+01      0.221906    2.3254e+00
2274      7.160e+01      0.222563    2.3301e+00
2275      7.163e+01      0.223188    2.3303e+00
2276      7.166e+01      0.223813    2.3260e+00
2277      7.169e+01      0.224438    2.3073e+00
2278      7.173e+01      0.225063    2.3110e+00
2279      7.176e+01      0.225688    2.3076e+00
2280      7.179e+01      0.226344    2.3616e+00
2281      7.182e+01      0.226969    2.3371e+00
2282      7.185e+01      0.227594    2.2982e+00
2283      7.188e+01      0.228219    2.3009e+00
2284      7.191e+01      0.228844    2.2446e+00
2285      7.195e+01      0.229500    2.2736e+00
2286      7.198e+01      0.230125    2.2266e+00
2287      7.201e+01      0.230750    2.2573e+00
2288      7.204e+01      0.231375    2.2061e+00
2289      7.207e+01      0.232000    2.2258e+00
2290      7.210e+01      0.232656    2.1741e+00
2291      7.214e+01      0.233281    2.1874e+00
2292      7.217e+01      0.233906    2.1706e+00
2293      7.220e+01      0.234531    2.1648e+00
2294      7.223e+01      0.235156    2.1376e+00
2295      7.226e+01      0.235781    2.1371e+00
2296      7.229e+01      0.236438    2.0855e+00
2297      7.232e+01      0.237063    2.0898e+00
2298      7.236e+01      0.237688    2.0780e+00
2299      7.239e+01      0.238313    2.0776e+00
2300      7.242e+01      0.238938    2.0520e+00
2301      7.245e+01      0.239594    2.0273e+00
2302      7.248e+01      0.240219    2.0021e+00
2303      7.251e+01      0.240844    1.9764e+00
2304      7.254e+01      0.241469    1.9988e+00
2305      7.258e+01      0.242094    1.9498e+00
2306      7.261e+01      0.242750    1.9756e+00
2307      7.264e+01      0.243375    1.9053e+00
2308      7.267e+01      0.244000    1.9185e+00
2309      7.270e+01      0.244625    1.8632e+00
2310      7.273e+01      0.245250    1.8846e+00
2311      7.277e+01      0.245875    1.8439e+00
2312      7.280e+01      0.246531    1.8514e+00
2313      7.283e+01      0.247156    1.8269e+00
2314      7.286e+01      0.247781    1.8237e+00
2315      7.289e+01      0.248406    1.7791e+00
2316      7.292e+01      0.249031    1.7872e+00
2317      7.295e+01      0.249688    1.7680e+00
2318      7.299e+01      0.250313    1.7686e+00
2319      7.302e+01      0.250938    1.7497e+00
2320      7.305e+01      0.251563    1.7340e+00
2321      7.308e+01      0.252188    1.7173e+00
2322      7.311e+01      0.252844    1.6925e+00
2323      7.314e+01      0.253469    1.7103e+00
2324      7.317e+01      0.254094    1.6713e+00
2325      7.321e+01      0.254719    1.7120e+00
2326      7.324e+01      0.255344    1.6370e+00
2327      7.327e+01      0.255969    1.6773e+00
2328      7.330e+01      0.256625    1.6289e+00
2329      7.333e+01      0.257250    1.6528e+00
2330      7.336e+01      0.257875    1.6191e+00
2331      7.340e+01      0.258500    1.7322e+00
2332      7.343e+01      0.259125    1.6230e+00
2333      7.346e+01      0.259781    1.6259e+00
2334      7.349e+01      0.260406    1.5867e+00
2335      7.352e+01      0.261031    1.5982e+00
2336      7.355e+01      0.261656    1.5756e+00
2337      7.358e+01      0.262313    1.5820e+00
2338      7.362e+01      0.262906    1.5671e+00
2339      7.365e+01      0.263563    1.5755e+00
2340      7.368e+01      0.264188    1.5528e+00
2341      7.371e+01      0.264813    1.5400e+00
2342      7.374e+01      0.265438    1.5624e+00
2343      7.377e+01      0.266063    1.5388e+00
2344      7.380e+01      0.266719    1.5674e+00
2345      7.384e+01      0.267344    1.5177e+00
2346      7.387e+01      0.267969    1.5519e+00
2347      7.390e+01      0.268594    1.5017e+00
2348      7.393e+01      0.269219    1.5370e+00
2349      7.396e+01      0.269875    1.5015e+00
2350      7.399e+01      0.270500    1.5310e+00
2351      7.403e+01      0.271125    1.4988e+00
2352      7.406e+01      0.271750    1.5147e+00
2353      7.409e+01      0.272406    1.4853e+00
2354      7.412e+01      0.273000    1.5119e+00
2355      7.415e+01      0.273656    1.4921e+00
2356      7.418e+01      0.274281    1.5157e+00
2357      7.421e+01      0.274906    1.4827e+00
2358      7.425e+01      0.275531    1.5026e+00
2359      7.428e+01      0.276156    1.4784e+00
2360      7.431e+01      0.276813    1.4763e+00
2361      7.434e+01      0.277438    1.4851e+00
2362      7.437e+01      0.278063    1.4790e+00
2363      7.440e+01      0.278688    1.5010e+00
2364      7.443e+01      0.279313    1.4630e+00
2365      7.447e+01      0.279969    1.4958e+00
2366      7.450e+01      0.280594    1.4562e+00
2367      7.453e+01      0.281219    1.4997e+00
2368      7.456e+01      0.281844    1.4622e+00
2369      7.459e+01      0.282500    1.4906e+00
2370      7.462e+01      0.283094    1.4604e+00
2371      7.466e+01      0.283750    1.4834e+00
2372      7.469e+01      0.284375    1.4540e+00
2373      7.472e+01      0.285000    1.4772e+00
2374      7.475e+01      0.285625    1.4502e+00
2375      7.478e+01      0.286250    1.4858e+00
2376      7.481e+01      0.286906    1.4490e+00
2377      7.484e+01      0.287531    1.4805e+00
2378      7.488e+01      0.288156    1.4418e+00
2379      7.491e+01      0.288781    1.4630e+00
2380      7.494e+01      0.289406    1.4596e+00
2381      7.497e+01      0.290063    1.4805e+00
2382      7.500e+01      0.290688    1.4834e+00
2383      7.503e+01      0.291313    1.4510e+00
2384      7.506e+01      0.291938    1.4739e+00
2385      7.510e+01      0.292594    1.4375e+00
2386      7.513e+01      0.293188    1.4706e+00
2387      7.516e+01      0.293844    1.4521e+00
2388      7.519e+01      0.294469    1.4703e+00
2389      7.522e+01      0.295094    1.4437e+00
2390      7.525e+01      0.295719    1.4709e+00
2391      7.529e+01      0.296375    1.4382e+00
2392      7.532e+01      0.297000    1.4704e+00
2393      7.535e+01      0.297625    1.4341e+00
2394      7.538e+01      0.298250    1.4775e+00
2395      7.541e+01      0.298875    1.4371e+00
2396      7.544e+01      0.299500    1.4767e+00
2397      7.547e+01      0.300156    1.4331e+00
2398      7.551e+01      0.300781    1.4618e+00
2399      7.554e+01      0.301406    1.4371e+00
2400      7.557e+01      0.302031    1.4552e+00
2401      7.560e+01      0.302688    1.4549e+00
2402      7.563e+01      0.303281    1.4466e+00
2403      7.566e+01      0.303938    1.4571e+00
2404      7.569e+01      0.304563    1.4256e+00
2405      7.573e+01      0.305188    1.4601e+00
2406      7.576e+01      0.305813    1.4315e+00
2407      7.579e+01      0.306469    1.4698e+00
2408      7.582e+01      0.307094    1.4340e+00
2409      7.585e+01      0.307719    1.4578e+00
2410      7.588e+01      0.308344    1.4233e+00
2411      7.592e+01      0.308969    1.4532e+00
2412      7.595e+01      0.309594    1.4249e+00
2413      7.598e+01      0.310250    1.4587e+00
2414      7.601e+01      0.310875    1.4221e+00
2415      7.604e+01      0.311500    1.4570e+00
2416      7.607e+01      0.312125    1.4114e+00
2417      7.610e+01      0.312781    1.4502e+00
2418      7.614e+01      0.313375    1.4172e+00
2419      7.617e+01      0.314031    1.4490e+00
2420      7.620e+01      0.314656    1.4327e+00
2421      7.623e+01      0.315281    1.4321e+00
2422      7.626e+01      0.315906    1.4318e+00
2423      7.629e+01      0.316563    1.4152e+00
2424      7.632e+01      0.317188    1.4376e+00
2425      7.636e+01      0.317813    1.4137e+00
2426      7.639e+01      0.318438    1.4393e+00
2427      7.642e+01      0.319063    1.4157e+00
2428      7.645e+01      0.319688    1.4303e+00
2429      7.648e+01      0.320344    1.4039e+00
2430      7.651e+01      0.320969    1.4282e+00
2431      7.655e+01      0.321594    1.4069e+00
2432      7.658e+01      0.322219    1.4452e+00
2433      7.661e+01      0.322875    1.3939e+00
2434      7.664e+01      0.323469    1.4311e+00
2435      7.667e+01      0.324125    1.3858e+00
2436      7.670e+01      0.324750    1.4258e+00
2437      7.673e+01      0.325375    1.3892e+00
2438      7.677e+01      0.326000    1.4229e+00
2439      7.680e+01      0.326656    1.3929e+00
2440      7.683e+01      0.327281    1.4092e+00
2441      7.686e+01      0.327906    1.3963e+00
2442      7.689e+01      0.328531    1.3896e+00
2443      7.692e+01      0.329156    1.4013e+00
2444      7.695e+01      0.329781    1.3910e+00
2445      7.699e+01      0.330438    1.4089e+00
2446      7.702e+01      0.331063    1.3854e+00
2447      7.705e+01      0.331688    1.3967e+00
2448      7.708e+01      0.332313    1.3752e+00
2449      7.711e+01      0.332969    1.3931e+00
2450      7.714e+01      0.333563    1.3816e+00
2451      7.718e+01      0.334219    1.3950e+00
2452      7.721e+01      0.334844    1.3664e+00
2453      7.724e+01      0.335469    1.3984e+00
2454      7.727e+01      0.336094    1.3527e+00
2455      7.730e+01      0.336750    1.3919e+00
2456      7.733e+01      0.337375    1.3537e+00
2457      7.736e+01      0.338000    1.3983e+00
2458      7.740e+01      0.338625    1.3551e+00
2459      7.743e+01      0.339250    1.3790e+00
2460      7.746e+01      0.339875    1.3543e+00
2461      7.749e+01      0.340531    1.3650e+00
2462      7.752e+01      0.341156    1.3563e+00
2463      7.755e+01      0.341781    1.3644e+00
2464      7.758e+01      0.342406    1.3645e+00
2465      7.762e+01      0.343031    1.3531e+00
2466      7.765e+01      0.343656    1.3600e+00
2467      7.768e+01      0.344313    1.3437e+00
2468      7.771e+01      0.344938    1.3605e+00
2469      7.774e+01      0.345563    1.3446e+00
2470      7.777e+01      0.346188    1.3617e+00
2471      7.781e+01      0.346844    1.3400e+00
2472      7.784e+01      0.347469    1.3575e+00
2473      7.787e+01      0.348094    1.3260e+00
2474      7.790e+01      0.348719    1.3657e+00
2475      7.793e+01      0.349344    1.3199e+00
2476      7.796e+01      0.349969    1.3597e+00
2477      7.799e+01      0.350625    1.3181e+00
2478      7.803e+01      0.351250    1.3572e+00
2479      7.806e+01      0.351875    1.3201e+00
2480      7.809e+01      0.352500    1.3397e+00
2481      7.812e+01      0.353125    1.3256e+00
2482      7.815e+01      0.353750    1.3365e+00
2483      7.818e+01      0.354406    1.3448e+00
2484      7.821e+01      0.355031    1.3277e+00
2485      7.825e+01      0.355656    1.3303e+00
2486      7.828e+01      0.356281    1.3234e+00
2487      7.831e+01      0.356938    1.3290e+00
2488      7.834e+01      0.357563    1.3191e+00
2489      7.837e+01      0.358188    1.3344e+00
2490      7.840e+01      0.358813    1.3148e+00
2491      7.844e+01      0.359438    1.3312e+00
2492      7.847e+01      0.360063    1.3033e+00
2493      7.850e+01      0.360719    1.3344e+00
2494      7.853e+01      0.361344    1.2999e+00
2495      7.856e+01      0.361969    1.3391e+00
2496      7.859e+01      0.362594    1.2980e+00
2497      7.862e+01      0.363219    1.3351e+00
2498      7.866e+01      0.363844    1.2959e+00
2499      7.869e+01      0.364500    1.3217e+00
2500      7.872e+01      0.365125    1.3042e+00
2501      7.875e+01      0.365750    1.3171e+00
2502      7.878e+01      0.366375    1.3097e+00
2503      7.881e+01      0.367000    1.3087e+00
2504      7.884e+01      0.367656    1.3094e+00
2505      7.888e+01      0.368281    1.2990e+00
2506      7.891e+01      0.368906    1.3096e+00
2507      7.894e+01      0.369531    1.3024e+00
2508      7.897e+01      0.370156    1.3117e+00
2509      7.900e+01      0.370813    1.2985e+00
2510      7.903e+01      0.371438    1.3135e+00
2511      7.907e+01      0.372063    1.2868e+00
2512      7.910e+01      0.372688    1.3222e+00
2513      7.913e+01      0.373313    1.2854e+00
2514      7.916e+01      0.373938    1.3211e+00
2515      7.919e+01      0.374594    1.2876e+00
2516      7.922e+01      0.375219    1.3192e+00
2517      7.925e+01      0.375844    1.2816e+00
2518      7.929e+01      0.376469    1.3092e+00
2519      7.932e+01      0.377094    1.2836e+00
2520      7.935e+01      0.377750    1.3073e+00
2521      7.938e+01      0.378375    1.2924e+00
2522      7.941e+01      0.379000    1.2973e+00
2523      7.944e+01      0.379625    1.2932e+00
2524      7.947e+01      0.380250    1.2906e+00
2525      7.951e+01      0.380906    1.2954e+00
2526      7.954e+01      0.381531    1.2924e+00
2527      7.957e+01      0.382156    1.2954e+00
2528      7.960e+01      0.382781    1.2863e+00
2529      7.963e+01      0.383406    1.2967e+00
2530      7.966e+01      0.384031    1.2853e+00
2531      7.970e+01      0.384688    1.3068e+00
2532      7.973e+01      0.385313    1.2787e+00
2533      7.976e+01      0.385938    1.3191e+00
2534      7.979e+01      0.386563    1.2797e+00
2535      7.982e+01      0.387188    1.3085e+00
2536      7.985e+01      0.387844    1.2754e+00
2537      7.988e+01      0.388469    1.3074e+00
2538      7.992e+01      0.389094    1.2754e+00
2539      7.995e+01      0.389719    1.3018e+00
2540      7.998e+01      0.390344    1.2777e+00
2541      8.001e+01      0.391000    1.2945e+00
2542      8.004e+01      0.391625    1.2820e+00
2543      8.007e+01      0.392250    1.2889e+00
2544      8.010e+01      0.392875    1.2852e+00
2545      8.014e+01      0.393500    1.2926e+00
2546      8.017e+01      0.394125    1.2882e+00
2547      8.020e+01      0.394781    1.2876e+00
2548      8.023e+01      0.395406    1.2903e+00
2549      8.026e+01      0.396031    1.2842e+00
2550      8.029e+01      0.396656    1.2963e+00
2551      8.033e+01      0.397281    1.2796e+00
2552      8.036e+01      0.397938    1.3011e+00
2553      8.039e+01      0.398563    1.2722e+00
2554      8.042e+01      0.399188    1.3013e+00
2555      8.045e+01      0.399813    1.2749e+00
2556      8.048e+01      0.400469    1.3041e+00
2557      8.051e+01      0.401094    1.2757e+00
2558      8.055e+01      0.401719    1.3002e+00
2559      8.058e+01      0.402344    1.2810e+00
2560      8.061e+01      0.402969    1.2946e+00
2561      8.064e+01      0.403594    1.2793e+00
2562      8.067e+01      0.404219    1.2930e+00
2563      8.070e+01      0.404875    1.2823e+00
2564      8.073e+01      0.405500    1.2947e+00
2565      8.077e+01      0.406125    1.2806e+00
2566      8.080e+01      0.406750    1.2904e+00
2567      8.083e+01      0.407375    1.2863e+00
2568      8.086e+01      0.408031    1.2866e+00
2569      8.089e+01      0.408656    1.2898e+00
2570      8.092e+01      0.409281    1.2838e+00
2571      8.096e+01      0.409906    1.3005e+00
2572      8.099e+01      0.410563    1.2765e+00
2573      8.102e+01      0.411188    1.3028e+00
2574      8.105e+01      0.411813    1.2786e+00
2575      8.108e+01      0.412438    1.3039e+00
2576      8.111e+01      0.413063    1.2770e+00
2577      8.114e+01      0.413688    1.3041e+00
2578      8.118e+01      0.414313    1.2813e+00
2579      8.121e+01      0.414969    1.3008e+00
2580      8.124e+01      0.415594    1.2838e+00
2581      8.127e+01      0.416219    1.2960e+00
2582      8.130e+01      0.416844    1.2855e+00
2583      8.133e+01      0.417469    1.3006e+00
2584      8.136e+01      0.418125    1.2880e+00
2585      8.140e+01      0.418750    1.2958e+00
2586      8.143e+01      0.419375    1.2846e+00
2587      8.146e+01      0.420000    1.2940e+00
2588      8.149e+01      0.420656    1.2932e+00
2589      8.152e+01      0.421281    1.2948e+00
2590      8.155e+01      0.421906    1.2969e+00
2591      8.159e+01      0.422531    1.2832e+00
2592      8.162e+01      0.423156    1.3039e+00
2593      8.165e+01      0.423781    1.2814e+00
2594      8.168e+01      0.424406    1.3031e+00
2595      8.171e+01      0.425063    1.2816e+00
2596      8.174e+01      0.425688    1.3048e+00
2597      8.177e+01      0.426313    1.2879e+00
2598      8.181e+01      0.426938    1.3062e+00
2599      8.184e+01      0.427563    1.2880e+00
2600      8.187e+01      0.428219    1.3059e+00
2601      8.190e+01      0.428844    1.2901e+00
2602      8.193e+01      0.429469    1.3064e+00
2603      8.196e+01      0.430094    1.2879e+00
2604      8.199e+01      0.430750    1.3068e+00
2605      8.203e+01      0.431375    1.2861e+00
2606      8.206e+01      0.432000    1.3052e+00
2607      8.209e+01      0.432625    1.2920e+00
2608      8.212e+01      0.433250    1.2994e+00
2609      8.215e+01      0.433875    1.2949e+00
2610      8.218e+01      0.434531    1.2930e+00
2611      8.222e+01      0.435156    1.3024e+00
2612      8.225e+01      0.435781    1.2908e+00
2613      8.228e+01      0.436406    1.3080e+00
2614      8.231e+01      0.437031    1.2847e+00
2615      8.234e+01      0.437656    1.3106e+00
2616      8.237e+01      0.438313    1.2894e+00
2617      8.240e+01      0.438938    1.3139e+00
2618      8.244e+01      0.439563    1.2891e+00
2619      8.247e+01      0.440188    1.3081e+00
2620      8.250e+01      0.440844    1.2921e+00
2621      8.253e+01      0.441438    1.3096e+00
2622      8.256e+01      0.442094    1.2924e+00
2623      8.259e+01      0.442719    1.3111e+00
2624      8.262e+01      0.443344    1.2874e+00
2625      8.266e+01      0.443969    1.3131e+00
2626      8.269e+01      0.444625    1.2909e+00
2627      8.272e+01      0.445250    1.3117e+00
2628      8.275e+01      0.445875    1.2929e+00
2629      8.278e+01      0.446500    1.3006e+00
2630      8.281e+01      0.447125    1.3020e+00
2631      8.285e+01      0.447750    1.2981e+00
2632      8.288e+01      0.448406    1.3089e+00
2633      8.291e+01      0.449031    1.2917e+00
2634      8.294e+01      0.449656    1.3112e+00
2635      8.297e+01      0.450281    1.2937e+00
2636      8.300e+01      0.450938    1.3133e+00
2637      8.303e+01      0.451531    1.2926e+00
2638      8.307e+01      0.452188    1.3117e+00
2639      8.310e+01      0.452813    1.2963e+00
2640      8.313e+01      0.453438    1.3149e+00
2641      8.316e+01      0.454063    1.2951e+00
2642      8.319e+01      0.454719    1.3147e+00
2643      8.322e+01      0.455344    1.2897e+00
2644      8.325e+01      0.455969    1.3161e+00
2645      8.329e+01      0.456594    1.2934e+00
2646      8.332e+01      0.457219    1.3186e+00
2647      8.335e+01      0.457844    1.2969e+00
2648      8.338e+01      0.458500    1.3132e+00
2649      8.341e+01      0.459125    1.2998e+00
2650      8.344e+01      0.459750    1.3085e+00
2651      8.348e+01      0.460375    1.3014e+00
2652      8.351e+01      0.461031    1.2997e+00
2653      8.354e+01      0.461625    1.3112e+00
2654      8.357e+01      0.462281    1.2999e+00
2655      8.360e+01      0.462906    1.3154e+00
2656      8.363e+01      0.463531    1.2981e+00
2657      8.366e+01      0.464156    1.3145e+00
2658      8.370e+01      0.464813    1.3001e+00
2659      8.373e+01      0.465438    1.3162e+00
2660      8.376e+01      0.466063    1.3004e+00
2661      8.379e+01      0.466688    1.3193e+00
2662      8.382e+01      0.467313    1.2958e+00
2663      8.385e+01      0.467938    1.3188e+00
2664      8.388e+01      0.468594    1.2996e+00
2665      8.392e+01      0.469219    1.3221e+00
2666      8.395e+01      0.469844    1.2984e+00
2667      8.398e+01      0.470469    1.3219e+00
2668      8.401e+01      0.471125    1.3031e+00
2669      8.404e+01      0.471719    1.3152e+00
2670      8.407e+01      0.472375    1.3048e+00
2671      8.411e+01      0.473000    1.3073e+00
2672      8.414e+01      0.473625    1.3116e+00
2673      8.417e+01      0.474250    1.3099e+00
2674      8.420e+01      0.474906    1.3176e+00
2675      8.423e+01      0.475531    1.3030e+00
2676      8.426e+01      0.476156    1.3155e+00
2677      8.429e+01      0.476781    1.3034e+00
2678      8.433e+01      0.477406    1.3195e+00
2679      8.436e+01      0.478031    1.3036e+00
2680      8.439e+01      0.478688    1.3233e+00
2681      8.442e+01      0.479313    1.3058e+00
2682      8.445e+01      0.479938    1.3211e+00
2683      8.448e+01      0.480563    1.3004e+00
2684      8.451e+01      0.481188    1.3269e+00
2685      8.455e+01      0.481813    1.3006e+00
2686      8.458e+01      0.482469    1.3301e+00
2687      8.461e+01      0.483094    1.3049e+00
2688      8.464e+01      0.483719    1.3279e+00
2689      8.467e+01      0.484344    1.3026e+00
2690      8.470e+01      0.485000    1.3143e+00
2691      8.474e+01      0.485625    1.3120e+00
2692      8.477e+01      0.486250    1.3189e+00
2693      8.480e+01      0.486875    1.3144e+00
2694      8.483e+01      0.487500    1.3139e+00
2695      8.486e+01      0.488125    1.3176e+00
2696      8.489e+01      0.488781    1.3120e+00
2697      8.492e+01      0.489406    1.3190e+00
2698      8.496e+01      0.490031    1.3117e+00
2699      8.499e+01      0.490656    1.3242e+00
2700      8.502e+01      0.491281    1.3093e+00
2701      8.505e+01      0.491906    1.3214e+00
2702      8.508e+01      0.492563    1.3083e+00
2703      8.511e+01      0.493188    1.3289e+00
2704      8.514e+01      0.493813    1.3040e+00
2705      8.518e+01      0.494438    1.3309e+00
2706      8.521e+01      0.495094    1.3058e+00
2707      8.524e+01      0.495719    1.3320e+00
2708      8.527e+01      0.496344    1.3068e+00
2709      8.530e+01      0.496969    1.3245e+00
2710      8.533e+01      0.497594    1.3117e+00
2711      8.537e+01      0.498219    1.3263e+00
2712      8.540e+01      0.498875    1.3182e+00
2713      8.543e+01      0.499500    1.3196e+00
2714      8.546e+01      0.500125    1.3188e+00
2715      8.549e+01      0.500750    1.3135e+00
2716      8.552e+01      0.501375    1.3183e+00
2717      8.555e+01      0.502000    1.3173e+00
2718      8.559e+01      0.502656    1.3240e+00
2719      8.562e+01      0.503281    1.3132e+00
2720      8.565e+01      0.503906    1.3267e+00
2721      8.568e+01      0.504563    1.3136e+00
2722      8.571e+01      0.505156    1.3284e+00
2723      8.574e+01      0.505813    1.3108e+00
2724      8.577e+01      0.506438    1.3319e+00
2725      8.581e+01      0.507063    1.3112e+00
2726      8.584e+01      0.507688    1.3350e+00
2727      8.587e+01      0.508313    1.3095e+00
2728      8.590e+01      0.508969    1.3320e+00
2729      8.593e+01      0.509594    1.3169e+00
2730      8.596e+01      0.510219    1.3298e+00
2731      8.600e+01      0.510844    1.3173e+00
2732      8.603e+01      0.511469    1.3310e+00
2733      8.606e+01      0.512094    1.3181e+00
2734      8.609e+01      0.512750    1.3226e+00
2735      8.612e+01      0.513375    1.3206e+00
2736      8.615e+01      0.514000    1.3387e+00
2737      8.618e+01      0.514625    1.3293e+00
2738      8.622e+01      0.515250    1.3264e+00
2739      8.625e+01      0.515906    1.3258e+00
2740      8.628e+01      0.516531    1.3213e+00
2741      8.631e+01      0.517156    1.3363e+00
2742      8.634e+01      0.517781    1.3182e+00
2743      8.637e+01      0.518406    1.3379e+00
2744      8.640e+01      0.519063    1.3175e+00
2745      8.644e+01      0.519688    1.3383e+00
2746      8.647e+01      0.520313    1.3159e+00
2747      8.650e+01      0.520938    1.3436e+00
2748      8.653e+01      0.521563    1.3175e+00
2749      8.656e+01      0.522188    1.3400e+00
2750      8.659e+01      0.522844    1.3261e+00
2751      8.663e+01      0.523469    1.3383e+00
2752      8.666e+01      0.524094    1.3208e+00
2753      8.669e+01      0.524750    1.3327e+00
2754      8.672e+01      0.525344    1.3276e+00
2755      8.675e+01      0.526000    1.3379e+00
2756      8.678e+01      0.526625    1.3293e+00
2757      8.681e+01      0.527250    1.3327e+00
2758      8.685e+01      0.527875    1.3323e+00
2759      8.688e+01      0.528500    1.3310e+00
2760      8.691e+01      0.529156    1.3329e+00
2761      8.694e+01      0.529781    1.3284e+00
2762      8.697e+01      0.530406    1.3435e+00
2763      8.700e+01      0.531031    1.3233e+00
2764      8.703e+01      0.531656    1.3456e+00
2765      8.707e+01      0.532281    1.3216e+00
2766      8.710e+01      0.532938    1.3500e+00
2767      8.713e+01      0.533563    1.3245e+00
2768      8.716e+01      0.534188    1.3482e+00
2769      8.719e+01      0.534844    1.3326e+00
2770      8.722e+01      0.535438    1.3458e+00
2771      8.726e+01      0.536094    1.3288e+00
2772      8.729e+01      0.536719    1.3447e+00
2773      8.732e+01      0.537344    1.3318e+00
2774      8.735e+01      0.537969    1.3485e+00
2775      8.738e+01      0.538625    1.3303e+00
2776      8.741e+01      0.539250    1.3456e+00
2777      8.744e+01      0.539875    1.3343e+00
2778      8.748e+01      0.540500    1.3454e+00
2779      8.751e+01      0.541125    1.3373e+00
2780      8.754e+01      0.541750    1.3402e+00
2781      8.757e+01      0.542375    1.3473e+00
2782      8.760e+01      0.543031    1.3343e+00
2783      8.763e+01      0.543656    1.3528e+00
2784      8.766e+01      0.544281    1.3315e+00
2785      8.770e+01      0.544906    1.3553e+00
2786      8.773e+01      0.545531    1.3368e+00
2787      8.776e+01      0.546188    1.3613e+00
2788      8.779e+01      0.546813    1.3407e+00
2789      8.782e+01      0.547438    1.3575e+00
2790      8.785e+01      0.548063    1.3417e+00
2791      8.789e+01      0.548719    1.3585e+00
2792      8.792e+01      0.549344    1.3458e+00
2793      8.795e+01      0.549969    1.3598e+00
2794      8.798e+01      0.550594    1.3427e+00
2795      8.801e+01      0.551219    1.3621e+00
2796      8.804e+01      0.551844    1.3427e+00
2797      8.807e+01      0.552469    1.3614e+00
2798      8.811e+01      0.553125    1.3486e+00
2799      8.814e+01      0.553750    1.3595e+00
2800      8.817e+01      0.554375    1.3543e+00
2801      8.820e+01      0.555000    1.3466e+00
2802      8.823e+01      0.555625    1.3601e+00
2803      8.826e+01      0.556281    1.3466e+00
2804      8.829e+01      0.556906    1.3672e+00
2805      8.833e+01      0.557531    1.3520e+00
2806      8.836e+01      0.558156    1.3706e+00
2807      8.839e+01      0.558813    1.3519e+00
2808      8.842e+01      0.559438    1.3691e+00
2809      8.845e+01      0.560063    1.3525e+00
2810      8.848e+01      0.560688    1.3736e+00
2811      8.852e+01      0.561313    1.3557e+00
2812      8.855e+01      0.561938    1.3756e+00
2813      8.858e+01      0.562563    1.3555e+00
2814      8.861e+01      0.563219    1.3780e+00
2815      8.864e+01      0.563844    1.3549e+00
2816      8.867e+01      0.564469    1.3744e+00
2817      8.870e+01      0.565125    1.3595e+00
2818      8.874e+01      0.565719    1.3766e+00
2819      8.877e+01      0.566375    1.3622e+00
2820      8.880e+01      0.567000    1.3678e+00
2821      8.883e+01      0.567625    1.3668e+00
2822      8.886e+01      0.568250    1.3669e+00
2823      8.889e+01      0.568906    1.3767e+00
2824      8.892e+01      0.569531    1.3653e+00
2825      8.896e+01      0.570156    1.3834e+00
2826      8.899e+01      0.570781    1.3632e+00
2827      8.902e+01      0.571406    1.3810e+00
2828      8.905e+01      0.572031    1.3651e+00
2829      8.908e+01      0.572688    1.3837e+00
2830      8.911e+01      0.573313    1.3672e+00
2831      8.915e+01      0.573938    1.3862e+00
2832      8.918e+01      0.574563    1.3700e+00
2833      8.921e+01      0.575188    1.3898e+00
2834      8.924e+01      0.575813    1.3645e+00
2835      8.927e+01      0.576469    1.3920e+00
2836      8.930e+01      0.577094    1.3680e+00
2837      8.933e+01      0.577719    1.3922e+00
2838      8.937e+01      0.578344    1.3728e+00
2839      8.940e+01      0.579000    1.3898e+00
2840      8.943e+01      0.579625    1.3730e+00
2841      8.946e+01      0.580250    1.3853e+00
2842      8.949e+01      0.580875    1.3828e+00
2843      8.952e+01      0.581500    1.3830e+00
2844      8.955e+01      0.582125    1.3895e+00
2845      8.959e+01      0.582781    1.3762e+00
2846      8.962e+01      0.583406    1.3948e+00
2847      8.965e+01      0.584031    1.3780e+00
2848      8.968e+01      0.584656    1.3921e+00
2849      8.971e+01      0.585281    1.3802e+00
2850      8.974e+01      0.585906    1.3989e+00
2851      8.978e+01      0.586563    1.3809e+00
2852      8.981e+01      0.587188    1.3996e+00
2853      8.984e+01      0.587813    1.3790e+00
2854      8.987e+01      0.588438    1.4012e+00
2855      8.990e+01      0.589094    1.3809e+00
2856      8.993e+01      0.589719    1.4064e+00
2857      8.996e+01      0.590344    1.3801e+00
2858      9.000e+01      0.590969    1.4056e+00
2859      9.003e+01      0.591594    1.3815e+00
2860      9.006e+01      0.592219    1.4010e+00
2861      9.009e+01      0.592875    1.3913e+00
2862      9.012e+01      0.593500    1.3991e+00
2863      9.015e+01      0.594125    1.3938e+00
2864      9.018e+01      0.594750    1.3914e+00
2865      9.022e+01      0.595375    1.4020e+00
2866      9.025e+01      0.596000    1.3945e+00
2867      9.028e+01      0.596656    1.4029e+00
2868      9.031e+01      0.597281    1.3974e+00
2869      9.034e+01      0.597906    1.4036e+00
2870      9.037e+01      0.598531    1.3942e+00
2871      9.041e+01      0.599188    1.4086e+00
2872      9.044e+01      0.599813    1.3954e+00
2873      9.047e+01      0.600438    1.4133e+00
2874      9.050e+01      0.601063    1.3907e+00
2875      9.053e+01      0.601688    1.4183e+00
2876      9.056e+01      0.602313    1.3919e+00
2877      9.059e+01      0.602969    1.4213e+00
2878      9.063e+01      0.603594    1.3894e+00
2879      9.066e+01      0.604219    1.4189e+00
2880      9.069e+01      0.604844    1.3972e+00
2881      9.072e+01      0.605469    1.4151e+00
2882      9.075e+01      0.606094    1.4030e+00
2883      9.078e+01      0.606750    1.4090e+00
2884      9.081e+01      0.607375    1.4087e+00
2885      9.085e+01      0.608000    1.4091e+00
2886      9.088e+01      0.608625    1.4099e+00
2887      9.091e+01      0.609281    1.4093e+00
2888      9.094e+01      0.609906    1.4163e+00
2889      9.097e+01      0.610531    1.4123e+00
2890      9.100e+01      0.611156    1.4199e+00
2891      9.104e+01      0.611781    1.4096e+00
2892      9.107e+01      0.612406    1.4220e+00
2893      9.110e+01      0.613063    1.4057e+00
2894      9.113e+01      0.613688    1.4287e+00
2895      9.116e+01      0.614313    1.4070e+00
2896      9.119e+01      0.614938    1.4342e+00
2897      9.122e+01      0.615563    1.4017e+00
2898      9.126e+01      0.616188    1.4323e+00
2899      9.129e+01      0.616844    1.4078e+00
2900      9.132e+01      0.617469    1.4322e+00
2901      9.135e+01      0.618094    1.4138e+00
2902      9.138e+01      0.618719    1.4271e+00
2903      9.141e+01      0.619344    1.4158e+00
2904      9.144e+01      0.620000    1.4242e+00
2905      9.148e+01      0.620625    1.4225e+00
2906      9.151e+01      0.621250    1.4228e+00
2907      9.154e+01      0.621875    1.4175e+00
2908      9.157e+01      0.622500    1.4297e+00
2909      9.160e+01      0.623156    1.4267e+00
2910      9.163e+01      0.623781    1.4249e+00
2911      9.167e+01      0.624406    1.4273e+00
2912      9.170e+01      0.625031    1.4181e+00
2913      9.173e+01      0.625656    1.4392e+00
2914      9.176e+01      0.626281    1.4175e+00
2915      9.179e+01      0.626938    1.4475e+00
2916      9.182e+01      0.627563    1.4151e+00
2917      9.185e+01      0.628188    1.4419e+00
2918      9.189e+01      0.628813    1.4175e+00
2919      9.192e+01      0.629438    1.4419e+00
2920      9.195e+01      0.630094    1.4195e+00
2921      9.198e+01      0.630719    1.4426e+00
2922      9.201e+01      0.631344    1.4252e+00
2923      9.204e+01      0.631969    1.4413e+00
2924      9.207e+01      0.632594    1.4255e+00
2925      9.211e+01      0.633250    1.4405e+00
2926      9.214e+01      0.633875    1.4250e+00
2927      9.217e+01      0.634500    1.4455e+00
2928      9.220e+01      0.635125    1.4311e+00
2929      9.223e+01      0.635750    1.4436e+00
2930      9.226e+01      0.636375    1.4308e+00
2931      9.230e+01      0.637031    1.4350e+00
2932      9.233e+01      0.637656    1.4401e+00
2933      9.236e+01      0.638281    1.4305e+00
2934      9.239e+01      0.638906    1.4505e+00
2935      9.242e+01      0.639531    1.4305e+00
2936      9.245e+01      0.640188    1.4534e+00
2937      9.248e+01      0.640813    1.4248e+00
2938      9.252e+01      0.641438    1.4541e+00
2939      9.255e+01      0.642063    1.4446e+00
2940      9.258e+01      0.642719    1.4571e+00
2941      9.261e+01      0.643313    1.4355e+00
2942      9.264e+01      0.643969    1.4516e+00
2943      9.267e+01      0.644594    1.4380e+00
2944      9.270e+01      0.645219    1.4551e+00
2945      9.274e+01      0.645844    1.4338e+00
2946      9.277e+01      0.646469    1.4603e+00
2947      9.280e+01      0.647125    1.4389e+00
2948      9.283e+01      0.647750    1.4583e+00
2949      9.286e+01      0.648375    1.4384e+00
2950      9.289e+01      0.649000    1.4542e+00
2951      9.293e+01      0.649625    1.4483e+00
2952      9.296e+01      0.650281    1.4515e+00
2953      9.299e+01      0.650906    1.4581e+00
2954      9.302e+01      0.651531    1.4461e+00
2955      9.305e+01      0.652156    1.4596e+00
2956      9.308e+01      0.652813    1.4411e+00
2957      9.311e+01      0.653406    1.4649e+00
2958      9.315e+01      0.654063    1.4414e+00
2959      9.318e+01      0.654688    1.4678e+00
2960      9.321e+01      0.655313    1.4467e+00
2961      9.324e+01      0.655938    1.4645e+00
2962      9.327e+01      0.656563    1.4478e+00
2963      9.330e+01      0.657219    1.4674e+00
2964      9.333e+01      0.657844    1.4481e+00
2965      9.337e+01      0.658469    1.4733e+00
2966      9.340e+01      0.659094    1.4452e+00
2967      9.343e+01      0.659719    1.4774e+00
2968      9.346e+01      0.660375    1.4420e+00
2969      9.349e+01      0.661000    1.4702e+00
2970      9.352e+01      0.661625    1.4505e+00
2971      9.356e+01      0.662250    1.4734e+00
2972      9.359e+01      0.662906    1.4613e+00
2973      9.362e+01      0.663500    1.4651e+00
2974      9.365e+01      0.664156    1.4653e+00
2975      9.368e+01      0.664781    1.4565e+00
2976      9.371e+01      0.665406    1.4748e+00
2977      9.374e+01      0.666031    1.4593e+00
2978      9.378e+01      0.666656    1.4770e+00
2979      9.381e+01      0.667313    1.4608e+00
2980      9.384e+01      0.667938    1.4783e+00
2981      9.387e+01      0.668563    1.4633e+00
2982      9.390e+01      0.669188    1.4830e+00
2983      9.393e+01      0.669813    1.4627e+00
2984      9.396e+01      0.670469    1.4855e+00
2985      9.400e+01      0.671094    1.4614e+00
2986      9.403e+01      0.671719    1.4911e+00
2987      9.406e+01      0.672344    1.4540e+00
2988      9.409e+01      0.673000    1.4851e+00
2989      9.412e+01      0.673594    1.4634e+00
2990      9.415e+01      0.674250    1.4983e+00
2991      9.419e+01      0.674875    1.4709e+00
2992      9.422e+01      0.675500    1.4839e+00
2993      9.425e+01      0.676125    1.4723e+00
2994      9.428e+01      0.676781    1.4751e+00
2995      9.431e+01      0.677406    1.4839e+00
2996      9.434e+01      0.678031    1.4776e+00
2997      9.437e+01      0.678656    1.4909e+00
2998      9.441e+01      0.679281    1.4720e+00
2999      9.444e+01      0.679906    1.4876e+00
3000      9.447e+01      0.680563    1.4766e+00
3001      9.450e+01      0.681188    1.4970e+00
3002      9.453e+01      0.681813    1.4789e+00
3003      9.456e+01      0.682438    1.5003e+00
3004      9.459e+01      0.683094    1.4784e+00
3005      9.463e+01      0.683688    1.5049e+00
3006      9.466e+01      0.684344    1.4716e+00
3007      9.469e+01      0.684969    1.5121e+00
3008      9.472e+01      0.685594    1.4753e+00
3009      9.475e+01      0.686219    1.5137e+00
3010      9.478e+01      0.686875    1.4805e+00
3011      9.482e+01      0.687500    1.5080e+00
3012      9.485e+01      0.688125    1.4855e+00
3013      9.488e+01      0.688750    1.5002e+00
3014      9.491e+01      0.689375    1.4959e+00
3015      9.494e+01      0.690000    1.5051e+00
3016      9.497e+01      0.690656    1.5051e+00
3017      9.500e+01      0.691281    1.4972e+00
3018      9.504e+01      0.691906    1.5049e+00
3019      9.507e+01      0.692531    1.4997e+00
3020      9.510e+01      0.693188    1.5127e+00
3021      9.513e+01      0.693781    1.5023e+00
3022      9.516e+01      0.694438    1.5182e+00
3023      9.519e+01      0.695063    1.4993e+00
3024      9.522e+01      0.695688    1.5243e+00
3025      9.526e+01      0.696313    1.4917e+00
3026      9.529e+01      0.696969    1.5306e+00
3027      9.532e+01      0.697594    1.4945e+00
3028      9.535e+01      0.698219    1.5399e+00
3029      9.538e+01      0.698844    1.4964e+00
3030      9.541e+01      0.699469    1.5355e+00
3031      9.545e+01      0.700094    1.4988e+00
3032      9.548e+01      0.700688    1.4980e+00
3033      9.551e+01      0.700406    1.3258e+00
3034      9.554e+01      0.699781    1.3037e+00
3035      9.557e+01      0.699156    1.3005e+00
3036      9.560e+01      0.698500    1.2980e+00
3037      9.563e+01      0.697875    1.2805e+00
3038      9.567e+01      0.697250    1.2948e+00
3039      9.570e+01      0.696625    1.2680e+00
3040      9.573e+01      0.696000    1.2985e+00
3041      9.576e+01      0.695375    1.2668e+00
3042      9.579e+01      0.694719    1.2991e+00
3043      9.582e+01      0.694094    1.2612e+00
3044      9.585e+01      0.693469    1.2904e+00
3045      9.589e+01      0.692844    1.2609e+00
3046      9.592e+01      0.692219    1.2936e+00
3047      9.595e+01      0.691594    1.2617e+00
3048      9.598e+01      0.690938    1.2861e+00
3049      9.601e+01      0.690313    1.2623e+00
3050      9.604e+01      0.689688    1.2808e+00
3051      9.608e+01      0.689063    1.2627e+00
3052      9.611e+01      0.688406    1.2808e+00
3053      9.614e+01      0.687781    1.2661e+00
3054      9.617e+01      0.687156    1.2779e+00
3055      9.620e+01      0.686531    1.2733e+00
3056      9.623e+01      0.685906    1.2668e+00
3057      9.626e+01      0.685281    1.2749e+00
3058      9.630e+01      0.684625    1.2595e+00
3059      9.633e+01      0.684000    1.2821e+00
3060      9.636e+01      0.683375    1.2599e+00
3061      9.639e+01      0.682750    1.2856e+00
3062      9.642e+01      0.682125    1.2523e+00
3063      9.645e+01      0.681500    1.2840e+00
3064      9.648e+01      0.680844    1.2560e+00
3065      9.652e+01      0.680219    1.2843e+00
3066      9.655e+01      0.679594    1.2591e+00
3067      9.658e+01      0.678969    1.2806e+00
3068      9.661e+01      0.678344    1.2611e+00
3069      9.664e+01      0.677688    1.2791e+00
3070      9.667e+01      0.677063    1.2594e+00
3071      9.671e+01      0.676438    1.2846e+00
3072      9.674e+01      0.675813    1.2616e+00
3073      9.677e+01      0.675188    1.2837e+00
3074      9.680e+01      0.674531    1.2658e+00
3075      9.683e+01      0.673906    1.2677e+00
3076      9.686e+01      0.673281    1.2713e+00
3077      9.689e+01      0.672656    1.2636e+00
3078      9.693e+01      0.672031    1.2816e+00
3079      9.696e+01      0.671406    1.2651e+00
3080      9.699e+01      0.670750    1.2835e+00
3081      9.702e+01      0.670125    1.2564e+00
3082      9.705e+01      0.669500    1.2839e+00
3083      9.708e+01      0.668875    1.2593e+00
3084      9.711e+01      0.668250    1.2846e+00
3085      9.715e+01      0.667594    1.2593e+00
3086      9.718e+01      0.666969    1.2819e+00
3087      9.721e+01      0.666344    1.2572e+00
3088      9.724e+01      0.665719    1.2814e+00
3089      9.727e+01      0.665094    1.2588e+00
3090      9.730e+01      0.664438    1.2844e+00
3091      9.734e+01      0.663813    1.2597e+00
3092      9.737e+01      0.663188    1.2828e+00
3093      9.740e+01      0.662563    1.2641e+00
3094      9.743e+01      0.661938    1.2837e+00
3095      9.746e+01      0.661313    1.2644e+00
3096      9.749e+01      0.660656    1.2695e+00
3097      9.752e+01      0.660031    1.2746e+00
3098      9.756e+01      0.659406    1.2678e+00
3099      9.759e+01      0.658781    1.2818e+00
3100      9.762e+01      0.658156    1.2588e+00
3101      9.765e+01      0.657500    1.2806e+00
3102      9.768e+01      0.656875    1.2600e+00
3103      9.771e+01      0.656250    1.2847e+00
3104      9.774e+01      0.655625    1.2608e+00
3105      9.778e+01      0.655000    1.2789e+00
3106      9.781e+01      0.654344    1.2581e+00
3107      9.784e+01      0.653719    1.2815e+00
3108      9.787e+01      0.653094    1.2596e+00
3109      9.790e+01      0.652469    1.2836e+00
3110      9.793e+01      0.651844    1.2557e+00
3111      9.797e+01      0.651219    1.2864e+00
3112      9.800e+01      0.650563    1.2571e+00
3113      9.803e+01      0.649938    1.2815e+00
3114      9.806e+01      0.649313    1.2589e+00
3115      9.809e+01      0.648688    1.2746e+00
3116      9.812e+01      0.648063    1.2676e+00
3117      9.815e+01      0.647406    1.2726e+00
3118      9.819e+01      0.646781    1.2803e+00
3119      9.822e+01      0.646156    1.2648e+00
3120      9.825e+01      0.645531    1.2796e+00
3121      9.828e+01      0.644875    1.2589e+00
3122      9.831e+01      0.644281    1.2807e+00
3123      9.834e+01      0.643625    1.2635e+00
3124      9.837e+01      0.643000    1.2780e+00
3125      9.841e+01      0.642375    1.2485e+00
3126      9.844e+01      0.641750    1.2769e+00
3127      9.847e+01      0.641125    1.2550e+00
3128      9.850e+01      0.640469    1.2828e+00
3129      9.853e+01      0.639844    1.2557e+00
3130      9.856e+01      0.639219    1.2839e+00
3131      9.860e+01      0.638594    1.2523e+00
3132      9.863e+01      0.637969    1.2832e+00
3133      9.866e+01      0.637313    1.2530e+00
3134      9.869e+01      0.636688    1.2812e+00
3135      9.872e+01      0.636063    1.2608e+00
3136      9.875e+01      0.635438    1.2726e+00
3137      9.878e+01      0.634781    1.2708e+00
3138      9.882e+01      0.634188    1.2699e+00
3139      9.885e+01      0.633531    1.2689e+00
3140      9.888e+01      0.632906    1.2615e+00
3141      9.891e+01      0.632281    1.2757e+00
3142      9.894e+01      0.631656    1.2654e+00
3143      9.897e+01      0.631031    1.2751e+00
3144      9.900e+01      0.630375    1.2592e+00
3145      9.904e+01      0.629750    1.2774e+00
3146      9.907e+01      0.629125    1.2600e+00
3147      9.910e+01      0.628500    1.2770e+00
3148      9.913e+01      0.627875    1.2588e+00
3149      9.916e+01      0.627219    1.2830e+00
3150      9.919e+01      0.626594    1.2512e+00
3151      9.923e+01      0.625969    1.2808e+00
3152      9.926e+01      0.625344    1.2498e+00
3153      9.929e+01      0.624688    1.2799e+00
3154      9.932e+01      0.624094    1.2553e+00
3155      9.935e+01      0.623438    1.2751e+00
3156      9.938e+01      0.622813    1.2625e+00
3157      9.941e+01      0.622188    1.2680e+00
3158      9.945e+01      0.621563    1.2644e+00
3159      9.948e+01      0.620906    1.2650e+00
3160      9.951e+01      0.620281    1.2716e+00
3161      9.954e+01      0.619656    1.2649e+00
3162      9.957e+01      0.619031    1.2665e+00
3163      9.960e+01      0.618406    1.2561e+00
3164      9.963e+01      0.617781    1.2684e+00
3165      9.967e+01      0.617125    1.2571e+00
3166      9.970e+01      0.616500    1.2728e+00
3167      9.973e+01      0.615875    1.2597e+00
3168      9.976e+01      0.615250    1.2752e+00
3169      9.979e+01      0.614594    1.2476e+00
3170      9.982e+01      0.614000    1.2748e+00
3171      9.986e+01      0.613344    1.2504e+00
3172      9.989e+01      0.612719    1.2749e+00
3173      9.992e+01      0.612094    1.2499e+00
3174      9.995e+01      0.611469    1.2744e+00
3175      9.998e+01      0.610813    1.2536e+00
3176      1.000e+02      0.610188    1.2646e+00
3177      1.000e+02      0.609563    1.2555e+00
3178      1.001e+02      0.608938    1.2688e+00
3179      1.001e+02      0.608313    1.2665e+00
3180      1.001e+02      0.607688    1.2602e+00
3181      1.002e+02      0.607031    1.2610e+00
3182      1.002e+02      0.606406    1.2609e+00
3183      1.002e+02      0.605781    1.2636e+00
3184      1.003e+02      0.605156    1.2555e+00
3185      1.003e+02      0.604500    1.2674e+00
3186      1.003e+02      0.603906    1.2560e+00
3187      1.004e+02      0.603250    1.2667e+00
3188      1.004e+02      0.602625    1.2443e+00
3189      1.004e+02      0.602000    1.2707e+00
3190      1.005e+02      0.601375    1.2474e+00
3191      1.005e+02      0.600719    1.2723e+00
3192      1.005e+02      0.600094    1.2450e+00
3193      1.005e+02      0.599469    1.2748e+00
3194      1.006e+02      0.598844    1.2465e+00
3195      1.006e+02      0.598219    1.2669e+00
3196      1.006e+02      0.597594    1.2485e+00
3197      1.007e+02      0.596938    1.2635e+00
3198      1.007e+02      0.596313    1.2557e+00
3199      1.007e+02      0.595688    1.2577e+00
3200      1.008e+02      0.595063    1.2525e+00
3201      1.008e+02      0.594406    1.2589e+00
3202      1.008e+02      0.593813    1.2527e+00
3203      1.009e+02      0.593156    1.2532e+00
3204      1.009e+02      0.592531    1.2581e+00
3205      1.009e+02      0.591906    1.2533e+00
3206      1.010e+02      0.591281    1.2593e+00
3207      1.010e+02      0.590625    1.2430e+00
3208      1.010e+02      0.590000    1.2617e+00
3209      1.011e+02      0.589375    1.2401e+00
3210      1.011e+02      0.588750    1.2622e+00
3211      1.011e+02      0.588125    1.2407e+00
3212      1.011e+02      0.587500    1.2644e+00
3213      1.012e+02      0.586844    1.2382e+00
3214      1.012e+02      0.586219    1.2563e+00
3215      1.012e+02      0.585594    1.2410e+00
3216      1.013e+02      0.584969    1.2560e+00
3217      1.013e+02      0.584313    1.2463e+00
3218      1.013e+02      0.583719    1.2584e+00
3219      1.014e+02      0.583063    1.2454e+00
3220      1.014e+02      0.582438    1.2534e+00
3221      1.014e+02      0.581813    1.2391e+00
3222      1.015e+02      0.581188    1.2519e+00
3223      1.015e+02      0.580531    1.2490e+00
3224      1.015e+02      0.579906    1.2506e+00
3225      1.016e+02      0.579281    1.2474e+00
3226      1.016e+02      0.578656    1.2414e+00
3227      1.016e+02      0.578031    1.2500e+00
3228      1.017e+02      0.577406    1.2349e+00
3229      1.017e+02      0.576750    1.2559e+00
3230      1.017e+02      0.576125    1.2335e+00
3231      1.017e+02      0.575500    1.2588e+00
3232      1.018e+02      0.574875    1.2301e+00
3233      1.018e+02      0.574250    1.2518e+00
3234      1.018e+02      0.573625    1.2357e+00
3235      1.019e+02      0.572969    1.2525e+00
3236      1.019e+02      0.572344    1.2356e+00
3237      1.019e+02      0.571719    1.2494e+00
3238      1.020e+02      0.571094    1.2338e+00
3239      1.020e+02      0.570438    1.2444e+00
3240      1.020e+02      0.569813    1.2309e+00
3241      1.021e+02      0.569188    1.2467e+00
3242      1.021e+02      0.568563    1.2390e+00
3243      1.021e+02      0.567938    1.2450e+00
3244      1.022e+02      0.567313    1.2390e+00
3245      1.022e+02      0.566656    1.2385e+00
3246      1.022e+02      0.566031    1.2405e+00
3247      1.022e+02      0.565406    1.2332e+00
3248      1.023e+02      0.564781    1.2457e+00
3249      1.023e+02      0.564156    1.2302e+00
3250      1.023e+02      0.563531    1.2491e+00
3251      1.024e+02      0.562875    1.2216e+00
3252      1.024e+02      0.562250    1.2461e+00
3253      1.024e+02      0.561625    1.2232e+00
3254      1.025e+02      0.561000    1.2420e+00
3255      1.025e+02      0.560344    1.2248e+00
3256      1.025e+02      0.559719    1.2458e+00
3257      1.026e+02      0.559094    1.2250e+00
3258      1.026e+02      0.558469    1.2405e+00
3259      1.026e+02      0.557844    1.2271e+00
3260      1.027e+02      0.557219    1.2419e+00
3261      1.027e+02      0.556563    1.2258e+00
3262      1.027e+02      0.555938    1.2435e+00
3263      1.028e+02      0.555313    1.2274e+00
3264      1.028e+02      0.554688    1.2352e+00
3265      1.028e+02      0.554063    1.2274e+00
3266      1.028e+02      0.553438    1.2294e+00
3267      1.029e+02      0.552781    1.2353e+00
3268      1.029e+02      0.552156    1.2264e+00
3269      1.029e+02      0.551531    1.2366e+00
3270      1.030e+02      0.550906    1.2217e+00
3271      1.030e+02      0.550250    1.2431e+00
3272      1.030e+02      0.549625    1.2197e+00
3273      1.031e+02      0.549000    1.2341e+00
3274      1.031e+02      0.548375    1.2201e+00
3275      1.031e+02      0.547750    1.2353e+00
3276      1.032e+02      0.547125    1.2175e+00
3277      1.032e+02      0.546469    1.2323e+00
3278      1.032e+02      0.545844    1.2122e+00
3279      1.033e+02      0.545219    1.2373e+00
3280      1.033e+02      0.544594    1.2187e+00
3281      1.033e+02      0.543969    1.2371e+00
3282      1.034e+02      0.543344    1.2169e+00
3283      1.034e+02      0.542688    1.2327e+00
3284      1.034e+02      0.542063    1.2161e+00
3285      1.034e+02      0.541438    1.2335e+00
3286      1.035e+02      0.540813    1.2318e+00
3287      1.035e+02      0.540188    1.2243e+00
3288      1.035e+02      0.539531    1.2316e+00
3289      1.036e+02      0.538906    1.2189e+00
3290      1.036e+02      0.538281    1.2331e+00
3291      1.036e+02      0.537656    1.2152e+00
3292      1.037e+02      0.537031    1.2348e+00
3293      1.037e+02      0.536375    1.2153e+00
3294      1.037e+02      0.535750    1.2311e+00
3295      1.038e+02      0.535125    1.2162e+00
3296      1.038e+02      0.534500    1.2297e+00
3297      1.038e+02      0.533875    1.2178e+00
3298      1.039e+02      0.533250    1.2304e+00
3299      1.039e+02      0.532594    1.2116e+00
3300      1.039e+02      0.531969    1.2343e+00
3301      1.040e+02      0.531344    1.2141e+00
3302      1.040e+02      0.530688    1.2298e+00
3303      1.040e+02      0.530094    1.2136e+00
3304      1.040e+02      0.529438    1.2303e+00
3305      1.041e+02      0.528813    1.2240e+00
3306      1.041e+02      0.528188    1.2229e+00
3307      1.041e+02      0.527563    1.2223e+00
3308      1.042e+02      0.526938    1.2186e+00
3309      1.042e+02      0.526281    1.2262e+00
3310      1.042e+02      0.525656    1.2140e+00
3311      1.043e+02      0.525031    1.2261e+00
3312      1.043e+02      0.524406    1.2168e+00
3313      1.043e+02      0.523781    1.2272e+00
3314      1.044e+02      0.523156    1.2118e+00
3315      1.044e+02      0.522500    1.2250e+00
3316      1.044e+02      0.521875    1.2082e+00
3317      1.045e+02      0.521250    1.2261e+00
3318      1.045e+02      0.520625    1.2058e+00
3319      1.045e+02      0.520000    1.2299e+00
3320      1.045e+02      0.519344    1.2071e+00
3321      1.046e+02      0.518719    1.2255e+00
3322      1.046e+02      0.518094    1.2046e+00
3323      1.046e+02      0.517469    1.2286e+00
3324      1.047e+02      0.516844    1.2062e+00
3325      1.047e+02      0.516188    1.2195e+00
3326      1.047e+02      0.515563    1.2132e+00
3327      1.048e+02      0.514938    1.2161e+00
3328      1.048e+02      0.514313    1.2062e+00
3329      1.048e+02      0.513688    1.2118e+00
3330      1.049e+02      0.513063    1.2165e+00
3331      1.049e+02      0.512406    1.2092e+00
3332      1.049e+02      0.511781    1.2186e+00
3333      1.050e+02      0.511156    1.2085e+00
3334      1.050e+02      0.510531    1.2208e+00
3335      1.050e+02      0.509906    1.2046e+00
3336      1.051e+02      0.509250    1.2201e+00
3337      1.051e+02      0.508625    1.2012e+00
3338      1.051e+02      0.508000    1.2219e+00
3339      1.051e+02      0.507375    1.2014e+00
3340      1.052e+02      0.506719    1.2179e+00
3341      1.052e+02      0.506094    1.1987e+00
3342      1.052e+02      0.505469    1.2203e+00
3343      1.053e+02      0.504844    1.1979e+00
3344      1.053e+02      0.504219    1.2169e+00
3345      1.053e+02      0.503594    1.1997e+00
3346      1.054e+02      0.502969    1.2120e+00
3347      1.054e+02      0.502313    1.2063e+00
3348      1.054e+02      0.501688    1.2090e+00
3349      1.055e+02      0.501063    1.2056e+00
3350      1.055e+02      0.500438    1.2030e+00
3351      1.055e+02      0.499813    1.2048e+00
3352      1.056e+02      0.499156    1.2053e+00
3353      1.056e+02      0.498531    1.2107e+00
3354      1.056e+02      0.497906    1.1977e+00
3355      1.057e+02      0.497281    1.2084e+00
3356      1.057e+02      0.496625    1.1954e+00
3357      1.057e+02      0.496000    1.2116e+00
3358      1.057e+02      0.495375    1.1920e+00
3359      1.058e+02      0.494750    1.2128e+00
3360      1.058e+02      0.494125    1.1893e+00
3361      1.058e+02      0.493500    1.2118e+00
3362      1.059e+02      0.492875    1.1873e+00
3363      1.059e+02      0.492219    1.2109e+00
3364      1.059e+02      0.491594    1.1899e+00
3365      1.060e+02      0.490969    1.2049e+00
3366      1.060e+02      0.490344    1.1921e+00
3367      1.060e+02      0.489719    1.2040e+00
3368      1.061e+02      0.489063    1.1930e+00
3369      1.061e+02      0.488438    1.2008e+00
3370      1.061e+02      0.487813    1.1915e+00
3371      1.062e+02      0.487188    1.2001e+00
3372      1.062e+02      0.486531    1.1979e+00
3373      1.062e+02      0.485906    1.1934e+00
3374      1.062e+02      0.485281    1.1963e+00
3375      1.063e+02      0.484656    1.1900e+00
3376      1.063e+02      0.484031    1.1976e+00
3377      1.063e+02      0.483406    1.1859e+00
3378      1.064e+02      0.482750    1.2023e+00
3379      1.064e+02      0.482125    1.1748e+00
3380      1.064e+02      0.481500    1.2012e+00
3381      1.065e+02      0.480875    1.1791e+00
3382      1.065e+02      0.480250    1.2003e+00
3383      1.065e+02      0.479625    1.1788e+00
3384      1.066e+02      0.478969    1.1952e+00
3385      1.066e+02      0.478344    1.1791e+00
3386      1.066e+02      0.477719    1.1956e+00
3387      1.067e+02      0.477094    1.1788e+00
3388      1.067e+02      0.476438    1.1938e+00
3389      1.067e+02      0.475813    1.1804e+00
3390      1.068e+02      0.475188    1.1919e+00
3391      1.068e+02      0.474563    1.1847e+00
3392      1.068e+02      0.473938    1.1877e+00
3393      1.068e+02      0.473313    1.1814e+00
3394      1.069e+02      0.472656    1.1849e+00
3395      1.069e+02      0.472031    1.1858e+00
3396      1.069e+02      0.471406    1.1796e+00
3397      1.070e+02      0.470781    1.1853e+00
3398      1.070e+02      0.470156    1.1702e+00
3399      1.070e+02      0.469531    1.1892e+00
3400      1.071e+02      0.468875    1.1698e+00
3401      1.071e+02      0.468250    1.1906e+00
3402      1.071e+02      0.467625    1.1673e+00
3403      1.072e+02      0.467000    1.1874e+00
3404      1.072e+02      0.466344    1.1651e+00
3405      1.072e+02      0.465719    1.1828e+00
3406      1.073e+02      0.465094    1.1648e+00
3407      1.073e+02      0.464469    1.1813e+00
3408      1.073e+02      0.463844    1.1676e+00
3409      1.074e+02      0.463219    1.1826e+00
3410      1.074e+02      0.462563    1.1628e+00
3411      1.074e+02      0.461938    1.1802e+00
3412      1.074e+02      0.461313    1.1652e+00
3413      1.075e+02      0.460688    1.1767e+00
3414      1.075e+02      0.460063    1.1670e+00
3415      1.075e+02      0.459438    1.1759e+00
3416      1.076e+02      0.458781    1.1709e+00
3417      1.076e+02      0.458156    1.1584e+00
3418      1.076e+02      0.457531    1.1726e+00
3419      1.077e+02      0.456906    1.1573e+00
3420      1.077e+02      0.456250    1.1787e+00
3421      1.077e+02      0.455625    1.1534e+00
3422      1.078e+02      0.455000    1.1760e+00
3423      1.078e+02      0.454375    1.1525e+00
3424      1.078e+02      0.453750    1.1666e+00
3425      1.079e+02      0.453125    1.1541e+00
3426      1.079e+02      0.452469    1.1698e+00
3427      1.079e+02      0.451844    1.1528e+00
3428      1.080e+02      0.451219    1.1680e+00
3429      1.080e+02      0.450594    1.1482e+00
3430      1.080e+02      0.449969    1.1646e+00
3431      1.080e+02      0.449344    1.1439e+00
3432      1.081e+02      0.448688    1.1664e+00
3433      1.081e+02      0.448063    1.1495e+00
3434      1.081e+02      0.447438    1.1627e+00
3435      1.082e+02      0.446813    1.1485e+00
3436      1.082e+02      0.446156    1.1526e+00
3437      1.082e+02      0.445531    1.1543e+00
3438      1.083e+02      0.444906    1.1484e+00
3439      1.083e+02      0.444281    1.1618e+00
3440      1.083e+02      0.443656    1.1437e+00
3441      1.084e+02      0.443031    1.1607e+00
3442      1.084e+02      0.442375    1.1372e+00
3443      1.084e+02      0.441750    1.1534e+00
3444      1.085e+02      0.441125    1.1394e+00
3445      1.085e+02      0.440500    1.1551e+00
3446      1.085e+02      0.439875    1.1366e+00
3447      1.085e+02      0.439250    1.1522e+00
3448      1.086e+02      0.438594    1.1344e+00
3449      1.086e+02      0.437969    1.1534e+00
3450      1.086e+02      0.437344    1.1277e+00
3451      1.087e+02      0.436719    1.1506e+00
3452      1.087e+02      0.436094    1.1316e+00
3453      1.087e+02      0.435438    1.1539e+00
3454      1.088e+02      0.434813    1.1261e+00
3455      1.088e+02      0.434188    1.1411e+00
3456      1.088e+02      0.433563    1.1343e+00
3457      1.089e+02      0.432938    1.1378e+00
3458      1.089e+02      0.432281    1.1428e+00
3459      1.089e+02      0.431656    1.1318e+00
3460      1.090e+02      0.431031    1.1369e+00
3461      1.090e+02      0.430406    1.1240e+00
3462      1.090e+02      0.429781    1.1390e+00
3463      1.091e+02      0.429156    1.1256e+00
3464      1.091e+02      0.428500    1.1354e+00
3465      1.091e+02      0.427875    1.1253e+00
3466      1.091e+02      0.427250    1.1385e+00
3467      1.092e+02      0.426625    1.1167e+00
3468      1.092e+02      0.426000    1.1347e+00
3469      1.092e+02      0.425344    1.1148e+00
3470      1.093e+02      0.424719    1.1390e+00
3471      1.093e+02      0.424094    1.1157e+00
3472      1.093e+02      0.423469    1.1332e+00
3473      1.094e+02      0.422844    1.1089e+00
3474      1.094e+02      0.422188    1.1349e+00
3475      1.094e+02      0.421563    1.1112e+00
3476      1.095e+02      0.420938    1.1268e+00
3477      1.095e+02      0.420313    1.1210e+00
3478      1.095e+02      0.419688    1.1216e+00
3479      1.096e+02      0.419063    1.1166e+00
3480      1.096e+02      0.418406    1.1131e+00
3481      1.096e+02      0.417781    1.1174e+00
3482      1.097e+02      0.417156    1.1127e+00
3483      1.097e+02      0.416531    1.1217e+00
3484      1.097e+02      0.415906    1.1102e+00
3485      1.097e+02      0.415250    1.1216e+00
3486      1.098e+02      0.414625    1.1044e+00
3487      1.098e+02      0.414000    1.1154e+00
3488      1.098e+02      0.413375    1.1020e+00
3489      1.099e+02      0.412750    1.1205e+00
3490      1.099e+02      0.412094    1.0939e+00
3491      1.099e+02      0.411469    1.1207e+00
3492      1.100e+02      0.410844    1.0891e+00
3493      1.100e+02      0.410219    1.1189e+00
3494      1.100e+02      0.409594    1.0859e+00
3495      1.101e+02      0.408969    1.1173e+00
3496      1.101e+02      0.408313    1.0989e+00
3497      1.101e+02      0.407688    1.1089e+00
3498      1.102e+02      0.407063    1.0962e+00
3499      1.102e+02      0.406438    1.1026e+00
3500      1.102e+02      0.405813    1.0980e+00
3501      1.103e+02      0.405188    1.0967e+00
3502      1.103e+02      0.404531    1.1021e+00
3503      1.103e+02      0.403906    1.0985e+00
3504      1.103e+02      0.403281    1.0985e+00
3505      1.104e+02      0.402625    1.0890e+00
3506      1.104e+02      0.402031    1.0964e+00
3507      1.104e+02      0.401375    1.0893e+00
3508      1.105e+02      0.400750    1.1016e+00
3509      1.105e+02      0.400125    1.0765e+00
3510      1.105e+02      0.399500    1.1038e+00
3511      1.106e+02      0.398875    1.0751e+00
3512      1.106e+02      0.398219    1.1049e+00
3513      1.106e+02      0.397594    1.0691e+00
3514      1.107e+02      0.396969    1.1064e+00
3515      1.107e+02      0.396344    1.0780e+00
3516      1.107e+02      0.395719    1.0956e+00
3517      1.108e+02      0.395094    1.0757e+00
3518      1.108e+02      0.394438    1.0896e+00
3519      1.108e+02      0.393813    1.0739e+00
3520      1.108e+02      0.393188    1.0884e+00
3521      1.109e+02      0.392531    1.0820e+00
3522      1.109e+02      0.391938    1.0867e+00
3523      1.109e+02      0.391281    1.0756e+00
3524      1.110e+02      0.390656    1.0786e+00
3525      1.110e+02      0.390031    1.0763e+00
3526      1.110e+02      0.389406    1.0764e+00
3527      1.111e+02      0.388781    1.0768e+00
3528      1.111e+02      0.388125    1.0675e+00
3529      1.111e+02      0.387500    1.0830e+00
3530      1.112e+02      0.386875    1.0608e+00
3531      1.112e+02      0.386250    1.0725e+00
3532      1.112e+02      0.385625    1.0489e+00
3533      1.113e+02      0.385000    1.0858e+00
3534      1.113e+02      0.384344    1.0524e+00
3535      1.113e+02      0.383719    1.0793e+00
3536      1.114e+02      0.383094    1.0527e+00
3537      1.114e+02      0.382438    1.0772e+00
3538      1.114e+02      0.381844    1.0496e+00
3539      1.114e+02      0.381188    1.0724e+00
3540      1.115e+02      0.380563    1.0557e+00
3541      1.115e+02      0.379938    1.0734e+00
3542      1.115e+02      0.379313    1.0486e+00
3543      1.116e+02      0.378688    1.0675e+00
3544      1.116e+02      0.378031    1.0474e+00
3545      1.116e+02      0.377406    1.0666e+00
3546      1.117e+02      0.376781    1.0493e+00
3547      1.117e+02      0.376156    1.0535e+00
3548      1.117e+02      0.375531    1.0577e+00
3549      1.118e+02      0.374906    1.0443e+00
3550      1.118e+02      0.374250    1.0597e+00
3551      1.118e+02      0.373625    1.0376e+00
3552      1.119e+02      0.373000    1.0617e+00
3553      1.119e+02      0.372344    1.0317e+00
3554      1.119e+02      0.371750    1.0601e+00
3555      1.120e+02      0.371094    1.0302e+00
3556      1.120e+02      0.370469    1.0541e+00
3557      1.120e+02      0.369844    1.0287e+00
3558      1.120e+02      0.369219    1.0507e+00
3559      1.121e+02      0.368563    1.0295e+00
3560      1.121e+02      0.367938    1.0572e+00
3561      1.121e+02      0.367313    1.0205e+00
3562      1.122e+02      0.366688    1.0512e+00
3563      1.122e+02      0.366063    1.0245e+00
3564      1.122e+02      0.365438    1.0432e+00
3565      1.123e+02      0.364813    1.0220e+00
3566      1.123e+02      0.364156    1.0396e+00
3567      1.123e+02      0.363531    1.0267e+00
3568      1.124e+02      0.362906    1.0284e+00
3569      1.124e+02      0.362250    1.0272e+00
3570      1.124e+02      0.361656    1.0197e+00
3571      1.125e+02      0.361000    1.0304e+00
3572      1.125e+02      0.360375    1.0130e+00
3573      1.125e+02      0.359750    1.0342e+00
3574      1.125e+02      0.359125    1.0059e+00
3575      1.126e+02      0.358469    1.0282e+00
3576      1.126e+02      0.357844    1.0015e+00
3577      1.126e+02      0.357219    1.0268e+00
3578      1.127e+02      0.356594    9.9877e-01
3579      1.127e+02      0.355969    1.0292e+00
3580      1.127e+02      0.355344    9.9632e-01
3581      1.128e+02      0.354719    1.0257e+00
3582      1.128e+02      0.354063    9.7888e-01
3583      1.128e+02      0.353438    1.0212e+00
3584      1.129e+02      0.352813    9.9016e-01
3585      1.129e+02      0.352156    1.0227e+00
3586      1.129e+02      0.351563    9.8374e-01
3587      1.130e+02      0.350906    1.0086e+00
3588      1.130e+02      0.350281    9.9558e-01
3589      1.130e+02      0.349656    9.9836e-01
3590      1.131e+02      0.349031    9.9510e-01
3591      1.131e+02      0.348375    9.8577e-01
3592      1.131e+02      0.347750    1.0007e+00
3593      1.131e+02      0.347125    9.7909e-01
3594      1.132e+02      0.346500    9.9475e-01
3595      1.132e+02      0.345875    9.7205e-01
3596      1.132e+02      0.345250    9.8775e-01
3597      1.133e+02      0.344594    9.6636e-01
3598      1.133e+02      0.343969    9.8862e-01
3599      1.133e+02      0.343344    9.6430e-01
3600      1.134e+02      0.342719    9.8427e-01
3601      1.134e+02      0.342063    9.4877e-01
3602      1.134e+02      0.341469    9.8780e-01
3603      1.135e+02      0.340813    9.4703e-01
3604      1.135e+02      0.340188    9.9040e-01
3605      1.135e+02      0.339563    9.4251e-01
3606      1.136e+02      0.338938    9.7652e-01
3607      1.136e+02      0.338281    9.4629e-01
3608      1.136e+02      0.337656    9.6365e-01
3609      1.137e+02      0.337031    9.4823e-01
3610      1.137e+02      0.336406    9.4947e-01
3611      1.137e+02      0.335781    9.5114e-01
3612      1.137e+02      0.335156    9.4453e-01
3613      1.138e+02      0.334500    9.4622e-01
3614      1.138e+02      0.333875    9.3643e-01
3615      1.138e+02      0.333250    9.4240e-01
3616      1.139e+02      0.332625    9.3049e-01
3617      1.139e+02      0.331969    9.4520e-01
3618      1.139e+02      0.331375    9.2851e-01
3619      1.140e+02      0.330719    9.3493e-01
3620      1.140e+02      0.330094    9.0674e-01
3621      1.140e+02      0.329469    9.4100e-01
3622      1.141e+02      0.328844    9.0192e-01
3623      1.141e+02      0.328188    9.4386e-01
3624      1.141e+02      0.327563    8.9913e-01
3625      1.142e+02      0.326938    9.3958e-01
3626      1.142e+02      0.326313    8.8991e-01
3627      1.142e+02      0.325688    9.2640e-01
3628      1.143e+02      0.325063    8.9080e-01
3629      1.143e+02      0.324406    9.1152e-01
3630      1.143e+02      0.323781    9.0092e-01
3631      1.143e+02      0.323156    9.0469e-01
3632      1.144e+02      0.322531    8.9599e-01
3633      1.144e+02      0.321906    8.7501e-01
3634      1.144e+02      0.321281    8.8791e-01
3635      1.145e+02      0.320625    8.9253e-01
3636      1.145e+02      0.320000    8.9594e-01
3637      1.145e+02      0.319375    8.8866e-01
3638      1.146e+02      0.318750    8.7926e-01
3639      1.146e+02      0.318094    8.6686e-01
3640      1.146e+02      0.317469    8.8200e-01
3641      1.147e+02      0.316844    8.6336e-01
3642      1.147e+02      0.316219    8.9721e-01
3643      1.147e+02      0.315594    8.5284e-01
3644      1.148e+02      0.314969    8.9326e-01
3645      1.148e+02      0.314313    8.4286e-01
3646      1.148e+02      0.313688    8.7982e-01
3647      1.148e+02      0.313063    8.4057e-01
3648      1.149e+02      0.312438    8.7022e-01
3649      1.149e+02      0.311813    8.4902e-01
3650      1.149e+02      0.311188    8.6220e-01
3651      1.150e+02      0.310531    8.5117e-01
3652      1.150e+02      0.309906    8.5080e-01
3653      1.150e+02      0.309281    8.4290e-01
3654      1.151e+02      0.308656    8.5569e-01
3655      1.151e+02      0.308000    8.4997e-01
3656      1.151e+02      0.307375    8.5044e-01
3657      1.152e+02      0.306750    8.3283e-01
3658      1.152e+02      0.306125    8.3279e-01
3659      1.152e+02      0.305500    8.3165e-01
3660      1.153e+02      0.304875    8.2988e-01
3661      1.153e+02      0.304219    8.4737e-01
3662      1.153e+02      0.303594    8.1851e-01
3663      1.154e+02      0.302969    8.4704e-01
3664      1.154e+02      0.302344    8.0134e-01
3665      1.154e+02      0.301719    8.4596e-01
3666      1.154e+02      0.301094    8.0210e-01
3667      1.155e+02      0.300438    8.4080e-01
3668      1.155e+02      0.299813    8.1098e-01
3669      1.155e+02      0.299188    8.3852e-01
3670      1.156e+02      0.298563    8.0620e-01
3671      1.156e+02      0.297938    8.1620e-01
3672      1.156e+02      0.297281    8.0803e-01
3673      1.157e+02      0.296656    8.2017e-01
3674      1.157e+02      0.296031    8.1149e-01
3675      1.157e+02      0.295406    8.1954e-01
3676      1.158e+02      0.294781    8.0387e-01
3677      1.158e+02      0.294125    8.0616e-01
3678      1.158e+02      0.293500    7.9741e-01
3679      1.159e+02      0.292875    8.1134e-01
3680      1.159e+02      0.292250    8.1301e-01
3681      1.159e+02      0.291625    7.9752e-01
3682      1.160e+02      0.291000    8.1010e-01
3683      1.160e+02      0.290344    7.6827e-01
3684      1.160e+02      0.289719    8.0374e-01
3685      1.160e+02      0.289094    7.7444e-01
3686      1.161e+02      0.288469    8.0846e-01
3687      1.161e+02      0.287844    7.8301e-01
3688      1.161e+02      0.287188    8.0641e-01
3689      1.162e+02      0.286563    7.8116e-01
3690      1.162e+02      0.285938    7.9244e-01
3691      1.162e+02      0.285313    7.7828e-01
3692      1.163e+02      0.284688    7.9148e-01
3693      1.163e+02      0.284031    7.8338e-01
3694      1.163e+02      0.283406    7.9899e-01
3695      1.164e+02      0.282781    7.6707e-01
3696      1.164e+02      0.282156    7.8293e-01
3697      1.164e+02      0.281531    7.6213e-01
3698      1.165e+02      0.280906    7.8405e-01
3699      1.165e+02      0.280250    7.7490e-01
3700      1.165e+02      0.279625    7.7433e-01
3701      1.166e+02      0.279000    7.7782e-01
3702      1.166e+02      0.278375    7.5566e-01
3703      1.166e+02      0.277750    7.7424e-01
3704      1.166e+02      0.277094    7.5004e-01
3705      1.167e+02      0.276469    7.8225e-01
3706      1.167e+02      0.275844    7.4832e-01
3707      1.167e+02      0.275219    7.7303e-01
3708      1.168e+02      0.274594    7.4123e-01
3709      1.168e+02      0.273938    7.4910e-01
3710      1.168e+02      0.273313    7.3795e-01
3711      1.169e+02      0.272688    7.5644e-01
3712      1.169e+02      0.272063    7.3906e-01
3713      1.169e+02      0.271438    7.5593e-01
3714      1.170e+02      0.270813    7.1936e-01
3715      1.170e+02      0.270156    7.4912e-01
3716      1.170e+02      0.269531    7.0996e-01
3717      1.171e+02      0.268906    7.4129e-01
3718      1.171e+02      0.268281    7.2418e-01
3719      1.171e+02      0.267656    7.3646e-01
3720      1.171e+02      0.267000    7.1420e-01
3721      1.172e+02      0.266375    7.1386e-01
3722      1.172e+02      0.265750    7.1024e-01
3723      1.172e+02      0.265125    6.9891e-01
3724      1.173e+02      0.264469    7.0932e-01
3725      1.173e+02      0.263875    6.9108e-01
3726      1.173e+02      0.263219    7.0354e-01
3727      1.174e+02      0.262594    6.7590e-01
3728      1.174e+02      0.261969    6.8946e-01
3729      1.174e+02      0.261344    6.7599e-01
3730      1.175e+02      0.260719    6.7544e-01
3731      1.175e+02      0.260063    6.6499e-01
3732      1.175e+02      0.259438    6.7470e-01
3733      1.176e+02      0.258813    6.4134e-01
3734      1.176e+02      0.258188    5.7830e-01
3735      1.176e+02      0.257563    5.8185e-01
3736      1.177e+02      0.256906    6.4555e-01
3737      1.177e+02      0.256281    6.1003e-01
3738      1.177e+02      0.255656    6.3428e-01
3739      1.177e+02      0.255031    5.9850e-01
3740      1.178e+02      0.254375    6.0085e-01
3741      1.178e+02      0.253781    5.8602e-01
3742      1.178e+02      0.253125    5.8247e-01
3743      1.179e+02      0.252500    5.8663e-01
3744      1.179e+02      0.251875    5.6499e-01
3745      1.179e+02      0.251250    5.6608e-01
3746      1.180e+02      0.250625    5.4222e-01
3747      1.180e+02      0.249969    5.3549e-01
3748      1.180e+02      0.249344    5.2002e-01
3749      1.181e+02      0.248719    5.1973e-01
3750      1.181e+02      0.248094    5.1155e-01
3751      1.181e+02      0.247469    4.9871e-01
3752      1.182e+02      0.246813    4.7295e-01
3753      1.182e+02      0.246188    4.7655e-01
3754      1.182e+02      0.245563    4.3140e-01
3755      1.183e+02      0.244938    4.6301e-01
3756      1.183e+02      0.244281    4.1352e-01
3757      1.183e+02      0.243688    4.4458e-01
3758      1.183e+02      0.243031    3.8409e-01
3759      1.184e+02      0.242406    3.9253e-01
3760      1.184e+02      0.241781    3.3244e-01
3761      1.184e+02      0.241156    3.5942e-01
3762      1.185e+02      0.240531    3.2848e-01
3763      1.185e+02      0.239875    3.2681e-01
3764      1.185e+02      0.239250    3.0502e-01
3765      1.186e+02      0.238625    2.7909e-01
3766      1.186e+02      0.238000    2.6424e-01
3767      1.186e+02      0.237375    2.5139e-01
3768      1.187e+02      0.236719    2.3234e-01
3769      1.187e+02      0.236094    2.2289e-01
3770      1.187e+02      0.235469    2.0308e-01
3771      1.188e+02      0.234844    1.8114e-01
3772      1.188e+02      0.234188    1.5573e-01
3773      1.188e+02      0.233594    1.2076e-01
3774      1.188e+02      0.232938    1.2267e-01
3775      1.189e+02      0.232313    7.8928e-02
3776      1.189e+02      0.231688    1.1632e-01
3777      1.189e+02      0.231063    4.1345e-02
3778      1.190e+02      0.230406    5.8665e-02
3779      1.190e+02      0.229781    3.4074e-03
3780      1.190e+02      0.229156    1.3946e-02
3781      1.191e+02      0.228531   -8.1373e-03
3782      1.191e+02      0.227906   -1.0761e-02
3783      1.191e+02      0.227281   -4.0328e-02
3784      1.192e+02      0.226625   -6.0067e-02
3785      1.192e+02      0.226000   -1.1807e-01
3786      1.192e+02      0.225375   -1.1857e-01
3787      1.193e+02      0.224750   -1.1808e-01
3788      1.193e+02      0.224094   -1.1214e-01
3789      1.193e+02      0.223500   -1.3203e-01
3790      1.194e+02      0.222844   -1.4798e-01
3791      1.194e+02      0.222219   -1.5740e-01
3792      1.194e+02      0.221594   -1.7360e-01
3793      1.194e+02      0.220969   -1.7276e-01
3794      1.195e+02      0.220313   -1.9993e-01
3795      1.195e+02      0.219688   -1.5944e-01
3796      1.195e+02      0.219063   -2.2104e-01
3797      1.196e+02      0.218438   -1.8927e-01
3798      1.196e+02      0.217813   -2.5337e-01
3799      1.196e+02      0.217188   -2.0747e-01
3800      1.197e+02      0.216531   -2.4618e-01
3801      1.197e+02      0.215906   -2.0747e-01
3802      1.197e+02      0.215281   -2.2766e-01
3803      1.198e+02      0.214656   -2.2289e-01
3804      1.198e+02      0.214000   -2.3592e-01
3805      1.198e+02      0.213406   -2.2377e-01
3806      1.199e+02      0.212750   -2.3002e-01
3807      1.199e+02      0.212125   -1.9366e-01
3808      1.199e+02      0.211500   -2.2218e-01
3809      1.200e+02      0.210875   -2.0073e-01
3810      1.200e+02      0.210219   -2.2265e-01
3811      1.200e+02      0.209594   -2.2072e-01
3812      1.200e+02      0.208969   -2.0636e-01
3813      1.201e+02      0.208344   -1.9783e-01
3814      1.201e+02      0.207719   -1.5208e-01
3815      1.201e+02      0.207094   -1.8362e-01
3816      1.202e+02      0.206438   -1.5219e-01
3817      1.202e+02      0.205813   -1.7993e-01
3818      1.202e+02      0.205188   -1.3658e-01
3819      1.203e+02      0.204563   -1.6389e-01
3820      1.203e+02      0.203906   -9.7963e-02
3821      1.203e+02      0.203313   -1.3173e-01
3822      1.204e+02      0.202656   -9.9896e-02
3823      1.204e+02      0.202031   -1.2878e-01
3824      1.204e+02      0.201406   -9.8573e-02
3825      1.205e+02      0.200781   -8.2724e-02
3826      1.205e+02      0.200125   -5.5857e-02
3827      1.205e+02      0.199500   -6.3438e-02
3828      1.206e+02      0.198875   -4.9670e-02
3829      1.206e+02      0.198250   -5.6729e-02
3830      1.206e+02      0.197625   -3.0354e-02
3831      1.206e+02      0.197000   -2.7510e-02
3832      1.207e+02      0.196344   -1.4090e-02
3833      1.207e+02      0.195719    1.9930e-02
3834      1.207e+02      0.195094   -3.5457e-03
3835      1.208e+02      0.194469    3.3229e-02
3836      1.208e+02      0.193813   -3.5030e-02
3837      1.208e+02      0.193219    3.0064e-02
3838      1.209e+02      0.192563    2.1424e-02
3839      1.209e+02      0.191938    7.1303e-02
3840      1.209e+02      0.191313    5.3762e-02
3841      1.210e+02      0.190688    7.9186e-02
3842      1.210e+02      0.190031    6.1429e-02
3843      1.210e+02      0.189406    9.0878e-02
3844      1.211e+02      0.188781    8.1255e-02
3845      1.211e+02      0.188156    1.0896e-01
3846      1.211e+02      0.187531    9.5997e-02
3847      1.211e+02      0.186906    1.2773e-01
3848      1.212e+02      0.186250    9.3969e-02
3849      1.212e+02      0.185625    1.1633e-01
3850      1.212e+02      0.185000    1.1251e-01
3851      1.213e+02      0.184375    1.2912e-01
3852      1.213e+02      0.183750    1.4807e-01
3853      1.213e+02      0.183125    1.3203e-01
3854      1.214e+02      0.182469    1.5473e-01
3855      1.214e+02      0.181844    1.2074e-01
3856      1.214e+02      0.181219    1.5063e-01
3857      1.215e+02      0.180594    1.3859e-01
3858      1.215e+02      0.179938    1.8362e-01
3859      1.215e+02      0.179313    1.4652e-01
3860      1.216e+02      0.178688    1.8275e-01
3861      1.216e+02      0.178063    1.4575e-01
3862      1.216e+02      0.177438    1.6201e-01
3863      1.217e+02      0.176813    1.5402e-01
3864      1.217e+02      0.176156    1.8775e-01
3865      1.217e+02      0.175531    1.7005e-01
3866      1.217e+02      0.174906    1.8537e-01
3867      1.218e+02      0.174281    1.6085e-01
3868      1.218e+02      0.173656    1.9125e-01
3869      1.218e+02      0.173031    1.6663e-01
3870      1.219e+02      0.172375    1.8494e-01
3871      1.219e+02      0.171750    1.9141e-01
3872      1.219e+02      0.171125    1.8311e-01
3873      1.220e+02      0.170500    1.8628e-01
3874      1.220e+02      0.169844    1.4825e-01
3875      1.220e+02      0.169219    1.8694e-01
3876      1.221e+02      0.168594    1.6296e-01
3877      1.221e+02      0.167969    2.0448e-01
3878      1.221e+02      0.167344    1.7870e-01
3879      1.222e+02      0.166719    1.9182e-01
3880      1.222e+02      0.166063    1.7162e-01
3881      1.222e+02      0.165438    1.9111e-01
3882      1.223e+02      0.164813    1.7202e-01
3883      1.223e+02      0.164188    1.9887e-01
3884      1.223e+02      0.163563    1.6729e-01
3885      1.223e+02      0.162938    2.0084e-01
3886      1.224e+02      0.162281    1.4550e-01
3887      1.224e+02      0.161656    1.6693e-01
3888      1.224e+02      0.161031    1.6015e-01
3889      1.225e+02      0.160406    1.8439e-01
3890      1.225e+02      0.159781    1.7552e-01
3891      1.225e+02      0.159125    1.8327e-01
3892      1.226e+02      0.158500    1.7735e-01
3893      1.226e+02      0.157875    1.5580e-01
3894      1.226e+02      0.157250    1.8242e-01
3895      1.227e+02      0.156625    1.6722e-01
3896      1.227e+02      0.155969    1.9626e-01
3897      1.227e+02      0.155344    1.6575e-01
3898      1.228e+02      0.154719    1.7289e-01
3899      1.228e+02      0.154094    1.5117e-01
3900      1.228e+02      0.153469    1.6097e-01
3901      1.229e+02      0.152844    1.4701e-01
3902      1.229e+02      0.152188    1.9004e-01
3903      1.229e+02      0.151563    1.5227e-01
3904      1.229e+02      0.150938    1.7494e-01
3905      1.230e+02      0.150313    1.4161e-01
3906      1.230e+02      0.149688    1.7002e-01
3907      1.230e+02      0.149031    1.3830e-01
3908      1.231e+02      0.148406    1.7705e-01
3909      1.231e+02      0.147781    1.5818e-01
3910      1.231e+02      0.147156    1.6338e-01
3911      1.232e+02      0.146531    1.5076e-01
3912      1.232e+02      0.145875    1.2851e-01
3913      1.232e+02      0.145250    1.4174e-01
3914      1.233e+02      0.144625    1.4203e-01
3915      1.233e+02      0.144000    1.6362e-01
3916      1.233e+02      0.143375    1.4725e-01
3917      1.234e+02      0.142750    1.4104e-01
3918      1.234e+02      0.142094    1.2407e-01
3919      1.234e+02      0.141469    1.3682e-01
3920      1.234e+02      0.140844    1.2708e-01
3921      1.235e+02      0.140188    1.4265e-01
3922      1.235e+02      0.139594    1.1934e-01
3923      1.235e+02      0.138938    1.4188e-01
3924      1.236e+02      0.138313    9.5886e-02
3925      1.236e+02      0.137688    1.2068e-01
3926      1.236e+02      0.137063    9.2551e-02
3927      1.237e+02      0.136438    1.1883e-01
3928      1.237e+02      0.135781    9.7676e-02
3929      1.237e+02      0.135156    1.1922e-01
3930      1.238e+02      0.134531    8.3732e-02
3931      1.238e+02      0.133906    9.9081e-02
3932      1.238e+02      0.133281    8.1007e-02
3933      1.239e+02      0.132656    8.4803e-02
3934      1.239e+02      0.132000    9.0199e-02
3935      1.239e+02      0.131375    7.5419e-02
3936      1.240e+02      0.130750    6.4149e-02
3937      1.240e+02      0.130125   -3.0730e-03
3938      1.240e+02      0.129500    8.0405e-03
3939      1.240e+02      0.128844    2.5856e-02
3940      1.241e+02      0.128219    4.6776e-02
3941      1.241e+02      0.127594    3.7424e-02
3942      1.241e+02      0.126969    3.2751e-02
3943      1.242e+02      0.126313    1.2481e-02
3944      1.242e+02      0.125688    2.0513e-02
3945      1.242e+02      0.125063   -1.2619e-02
3946      1.243e+02      0.124438    2.1876e-02
3947      1.243e+02      0.123813   -1.2640e-02
3948      1.243e+02      0.123188    5.1415e-03
3949      1.244e+02      0.122563   -4.8172e-02
3950      1.244e+02      0.121906   -4.3177e-02
3951      1.244e+02      0.121281   -5.8828e-02
3952      1.245e+02      0.120656   -5.2081e-02
3953      1.245e+02      0.120031   -4.7328e-02
3954      1.245e+02      0.119406   -6.1153e-02
3955      1.246e+02      0.118750   -7.6631e-02
3956      1.246e+02      0.118125   -9.2437e-02
3957      1.246e+02      0.117500   -1.0743e-01
3958      1.246e+02      0.116875   -1.0744e-01
3959      1.247e+02      0.116219   -1.1616e-01
3960      1.247e+02      0.115594   -1.1938e-01
3961      1.247e+02      0.114969   -1.3844e-01
3962      1.248e+02      0.114344   -1.6707e-01
3963      1.248e+02      0.113719   -1.8894e-01
3964      1.248e+02      0.113094   -2.0345e-01
3965      1.249e+02      0.112469   -1.8321e-01
3966      1.249e+02      0.111813   -2.0941e-01
3967      1.249e+02      0.111188   -1.9889e-01
3968      1.250e+02      0.110563   -2.5357e-01
3969      1.250e+02      0.109906   -2.3930e-01
3970      1.250e+02      0.109313   -2.8566e-01
3971      1.251e+02      0.108656   -2.7279e-01
3972      1.251e+02      0.108031   -2.7052e-01
3973      1.251e+02      0.107406   -2.9777e-01
3974      1.251e+02      0.106781   -3.3452e-01
3975      1.252e+02      0.106125   -3.5465e-01
3976      1.252e+02      0.105500   -3.8149e-01
3977      1.252e+02      0.104875   -3.8039e-01
3978      1.253e+02      0.104250   -3.9686e-01
3979      1.253e+02      0.103625   -3.8972e-01
3980      1.253e+02      0.103000   -4.3111e-01
3981      1.254e+02      0.102375   -4.5414e-01
3982      1.254e+02      0.101719   -4.8527e-01
3983      1.254e+02      0.101094   -5.0279e-01
3984      1.255e+02      0.100469   -5.0868e-01
3985      1.255e+02      0.099844   -5.3387e-01
3986      1.255e+02      0.099219   -5.2732e-01
3987      1.256e+02      0.098562   -5.8730e-01
3988      1.256e+02      0.097938   -6.5374e-01
3989      1.256e+02      0.097312   -6.6941e-01
3990      1.257e+02      0.096687   -6.5149e-01
3991      1.257e+02      0.096031   -6.5949e-01
3992      1.257e+02      0.095406   -6.7775e-01
3993      1.257e+02      0.094781   -7.1277e-01
3994      1.258e+02      0.094156   -7.3776e-01
3995      1.258e+02      0.093531   -7.7397e-01
3996      1.258e+02      0.092906   -7.6627e-01
3997      1.259e+02      0.092250   -8.0492e-01
3998      1.259e+02      0.091625   -7.9435e-01
3999      1.259e+02      0.091000   -8.5063e-01
4000      1.260e+02      0.090375   -8.6582e-01
4001      1.260e+02      0.089750   -9.3232e-01
4002      1.260e+02      0.089125   -9.3726e-01
4003      1.261e+02      0.088469   -9.3913e-01
4004      1.261e+02      0.087844   -9.4786e-01
4005      1.261e+02      0.087219   -9.5314e-01
4006      1.262e+02      0.086594   -1.0050e+00
4007      1.262e+02      0.085938   -1.0187e+00
4008      1.262e+02      0.085313   -1.0646e+00
4009      1.263e+02      0.084687   -1.0559e+00
4010      1.263e+02      0.084062   -1.0680e+00
4011      1.263e+02      0.083438   -1.0778e+00
4012      1.263e+02      0.082813   -1.1322e+00
4013      1.264e+02      0.082156   -1.1517e+00
4014      1.264e+02      0.081531   -1.1898e+00
4015      1.264e+02      0.080906   -1.1803e+00
4016      1.265e+02      0.080281   -1.2149e+00
4017      1.265e+02      0.079656   -1.1872e+00
4018      1.265e+02      0.079031   -1.2531e+00
4019      1.266e+02      0.078375   -1.2619e+00
4020      1.266e+02      0.077750   -1.3144e+00
4021      1.266e+02      0.077125   -1.3116e+00
4022      1.267e+02      0.076500   -1.3485e+00
4023      1.267e+02      0.075844   -1.3566e+00
4024      1.267e+02      0.075219   -1.3674e+00
4025      1.268e+02      0.074594   -1.4297e+00
4026      1.268e+02      0.073969   -1.4618e+00
4027      1.268e+02      0.073344   -1.5203e+00
4028      1.269e+02      0.072719   -1.5022e+00
4029      1.269e+02      0.072062   -1.5418e+00
4030      1.269e+02      0.071437   -1.5535e+00
4031      1.269e+02      0.070813   -1.6131e+00
4032      1.270e+02      0.070219   -1.6264e+00
4033      1.270e+02      0.070500   -3.0509e-01
4034      1.270e+02      0.071125    7.8423e-01
4035      1.271e+02      0.071781    1.3052e+00
4036      1.271e+02      0.072406    1.4173e+00
4037      1.271e+02      0.073031    1.4930e+00
4038      1.272e+02      0.073656    1.5172e+00
4039      1.272e+02      0.074313    1.5876e+00
4040      1.272e+02      0.074937    1.6051e+00
4041      1.273e+02      0.075562    1.6212e+00
4042      1.273e+02      0.076187    1.6324e+00
4043      1.273e+02      0.076813    1.6600e+00
4044      1.274e+02      0.077437    1.6890e+00
4045      1.274e+02      0.078094    1.7325e+00
4046      1.274e+02      0.078719    1.7628e+00
4047      1.274e+02      0.079344    1.7849e+00
4048      1.275e+02      0.079969    1.8323e+00
4049      1.275e+02      0.080594    1.7911e+00
4050      1.275e+02      0.081219    1.8821e+00
4051      1.276e+02      0.081875    1.8493e+00
4052      1.276e+02      0.082500    1.9612e+00
4053      1.276e+02      0.083125    1.9398e+00
4054      1.277e+02      0.083750    1.9883e+00
4055      1.277e+02      0.084406    1.9554e+00
4056      1.277e+02      0.085031    1.9968e+00
4057      1.278e+02      0.085656    2.0098e+00
4058      1.278e+02      0.086281    2.0553e+00
4059      1.278e+02      0.086906    2.0651e+00
4060      1.279e+02      0.087531    2.0797e+00
4061      1.279e+02      0.088187    2.0739e+00
4062      1.279e+02      0.088813    2.0999e+00
4063      1.280e+02      0.089437    2.1035e+00
4064      1.280e+02      0.090062    2.1529e+00
4065      1.280e+02      0.090687    2.1653e+00
4066      1.280e+02      0.091313    2.1490e+00
4067      1.281e+02      0.091969    2.1732e+00
4068      1.281e+02      0.092594    2.1260e+00
4069      1.281e+02      0.093219    2.1882e+00
4070      1.282e+02      0.093875    2.1494e+00
4071      1.282e+02      0.094469    2.2274e+00
4072      1.282e+02      0.095125    2.1589e+00
4073      1.283e+02      0.095750    2.2142e+00
4074      1.283e+02      0.096375    2.1541e+00
4075      1.283e+02      0.097000    2.2066e+00
4076      1.284e+02      0.097625    2.1782e+00
4077      1.284e+02      0.098281    2.2483e+00
4078      1.284e+02      0.098906    2.2141e+00
4079      1.285e+02      0.099531    2.2057e+00
4080      1.285e+02      0.100156    2.1761e+00
4081      1.285e+02      0.100781    2.1819e+00
4082      1.286e+02      0.101406    2.1679e+00
4083      1.286e+02      0.102063    2.1774e+00
4084      1.286e+02      0.102688    2.1558e+00
4085      1.286e+02      0.103313    2.1758e+00
4086      1.287e+02      0.103969    2.1615e+00
4087      1.287e+02      0.104563    2.1133e+00
4088      1.287e+02      0.105219    2.1498e+00
4089      1.288e+02      0.105844    2.1256e+00
4090      1.288e+02      0.106469    2.1950e+00
4091      1.288e+02      0.107094    2.1113e+00
4092      1.289e+02      0.107719    2.1556e+00
4093      1.289e+02      0.108375    2.0741e+00
4094      1.289e+02      0.109000    2.1227e+00
4095      1.290e+02      0.109625    2.0921e+00
4096      1.290e+02      0.110250    2.1142e+00
4097      1.290e+02      0.110875    2.0960e+00
4098      1.291e+02      0.111500    2.0958e+00
4099      1.291e+02      0.112156    2.0589e+00
4100      1.291e+02      0.112781    2.0784e+00
4101      1.292e+02      0.113406    2.0497e+00
4102      1.292e+02      0.114063    2.0895e+00
4103      1.292e+02      0.114656    2.0621e+00
4104      1.292e+02      0.115313    2.0741e+00
4105      1.293e+02      0.115938    2.0623e+00
4106      1.293e+02      0.116563    2.0264e+00
4107      1.293e+02      0.117188    2.0489e+00
4108      1.294e+02      0.117844    2.0160e+00
4109      1.294e+02      0.118469    2.0681e+00
4110      1.294e+02      0.119094    2.0066e+00
4111      1.295e+02      0.119719    2.0496e+00
4112      1.295e+02      0.120344    1.9787e+00
4113      1.295e+02      0.120969    2.0276e+00
4114      1.296e+02      0.121594    1.9962e+00
4115      1.296e+02      0.122250    2.0350e+00
4116      1.296e+02      0.122875    2.0067e+00
4117      1.297e+02      0.123500    2.0114e+00
4118      1.297e+02      0.124125    1.9667e+00
4119      1.297e+02      0.124750    1.9995e+00
4120      1.297e+02      0.125406    1.9706e+00
4121      1.298e+02      0.126031    2.0017e+00
4122      1.298e+02      0.126656    1.9677e+00
4123      1.298e+02      0.127281    2.0112e+00
4124      1.299e+02      0.127938    1.9756e+00
4125      1.299e+02      0.128563    1.9717e+00
4126      1.299e+02      0.129188    1.9716e+00
4127      1.300e+02      0.129813    1.9736e+00
4128      1.300e+02      0.130438    2.0728e+00
4129      1.300e+02      0.131063    1.9822e+00
4130      1.301e+02      0.131688    2.0054e+00
4131      1.301e+02      0.132344    1.9358e+00
4132      1.301e+02      0.132969    1.9817e+00
4133      1.302e+02      0.133594    1.9456e+00
4134      1.302e+02      0.134250    1.9915e+00
4135      1.302e+02      0.134844    1.9451e+00
4136      1.303e+02      0.135500    1.9748e+00
4137      1.303e+02      0.136125    1.9210e+00
4138      1.303e+02      0.136750    1.9681e+00
4139      1.303e+02      0.137375    1.9273e+00
4140      1.304e+02      0.138031    1.9661e+00
4141      1.304e+02      0.138656    1.9483e+00
4142      1.304e+02      0.139281    1.9733e+00
4143      1.305e+02      0.139906    1.9255e+00
4144      1.305e+02      0.140531    1.9440e+00
4145      1.305e+02      0.141156    1.9315e+00
4146      1.306e+02      0.141781    1.9382e+00
4147      1.306e+02      0.142438    1.9470e+00
4148      1.306e+02      0.143063    1.9235e+00
4149      1.307e+02      0.143688    1.9491e+00
4150      1.307e+02      0.144344    1.9008e+00
4151      1.307e+02      0.144938    1.9329e+00
4152      1.308e+02      0.145594    1.9114e+00
4153      1.308e+02      0.146219    1.9538e+00
4154      1.308e+02      0.146844    1.9129e+00
4155      1.309e+02      0.147469    1.9399e+00
4156      1.309e+02      0.148125    1.8921e+00
4157      1.309e+02      0.148750    1.9203e+00
4158      1.309e+02      0.149375    1.9001e+00
4159      1.310e+02      0.150000    1.9348e+00
4160      1.310e+02      0.150625    1.8910e+00
4161      1.310e+02      0.151250    1.9308e+00
4162      1.311e+02      0.151906    1.8783e+00
4163      1.311e+02      0.152531    1.9145e+00
4164      1.311e+02      0.153156    1.8815e+00
4165      1.312e+02      0.153781    1.9054e+00
4166      1.312e+02      0.154406    1.9067e+00
4167      1.312e+02      0.155031    1.8966e+00
4168      1.313e+02      0.155688    1.9002e+00
4169      1.313e+02      0.156313    1.8661e+00
4170      1.313e+02      0.156938    1.8815e+00
4171      1.314e+02      0.157563    1.8736e+00
4172      1.314e+02      0.158219    1.9023e+00
4173      1.314e+02      0.158844    1.8765e+00
4174      1.314e+02      0.159469    1.8969e+00
4175      1.315e+02      0.160094    1.8651e+00
4176      1.315e+02      0.160719    1.8822e+00
4177      1.315e+02      0.161344    1.8601e+00
4178      1.316e+02      0.162000    1.9191e+00
4179      1.316e+02      0.162625    1.8806e+00
4180      1.316e+02      0.163250    1.9174e+00
4181      1.317e+02      0.163875    1.8584e+00
4182      1.317e+02      0.164500    1.8852e+00
4183      1.317e+02      0.165125    1.8551e+00
4184      1.318e+02      0.165781    1.8976e+00
4185      1.318e+02      0.166406    1.8680e+00
4186      1.318e+02      0.167031    1.8844e+00
4187      1.319e+02      0.167656    1.8712e+00
4188      1.319e+02      0.168313    1.8598e+00
4189      1.319e+02      0.168938    1.8719e+00
4190      1.320e+02      0.169563    1.8652e+00
4191      1.320e+02      0.170188    1.8946e+00
4192      1.320e+02      0.170813    1.8765e+00
4193      1.320e+02      0.171438    1.8797e+00
4194      1.321e+02      0.172094    1.8613e+00
4195      1.321e+02      0.172719    1.8648e+00
4196      1.321e+02      0.173344    1.8676e+00
4197      1.322e+02      0.173969    1.8916e+00
4198      1.322e+02      0.174594    1.8668e+00
4199      1.322e+02      0.175219    1.9069e+00
4200      1.323e+02      0.175875    1.8554e+00
4201      1.323e+02      0.176500    1.8926e+00
4202      1.323e+02      0.177125    1.8452e+00
4203      1.324e+02      0.177750    1.9121e+00
4204      1.324e+02      0.178406    1.8786e+00
4205      1.324e+02      0.179031    1.9060e+00
4206      1.325e+02      0.179656    1.8778e+00
4207      1.325e+02      0.180281    1.8803e+00
4208      1.325e+02      0.180906    1.8940e+00
4209      1.326e+02      0.181531    1.8952e+00
4210      1.326e+02      0.182188    1.9255e+00
4211      1.326e+02      0.182813    1.9145e+00
4212      1.326e+02      0.183438    1.9113e+00
4213      1.327e+02      0.184063    1.9031e+00
4214      1.327e+02      0.184688    1.9015e+00
4215      1.327e+02      0.185313    1.9065e+00
4216      1.328e+02      0.185969    1.9353e+00
4217      1.328e+02      0.186594    1.9248e+00
4218      1.328e+02      0.187219    1.9521e+00
4219      1.329e+02      0.187844    1.9188e+00
4220      1.329e+02      0.188500    1.9399e+00
4221      1.329e+02      0.189125    1.9152e+00
4222      1.330e+02      0.189750    1.9691e+00
4223      1.330e+02      0.190375    1.9427e+00
4224      1.330e+02      0.191000    1.9866e+00
4225      1.331e+02      0.191625    1.9502e+00
4226      1.331e+02      0.192281    1.9623e+00
4227      1.331e+02      0.192906    1.9707e+00
4228      1.332e+02      0.193531    1.9814e+00
4229      1.332e+02      0.194156    2.0152e+00
4230      1.332e+02      0.194781    2.0256e+00
4231      1.332e+02      0.195406    2.0052e+00
4232      1.333e+02      0.196063    2.0087e+00
4233      1.333e+02      0.196688    2.0017e+00
4234      1.333e+02      0.197313    2.0315e+00
4235      1.334e+02      0.197938    2.0435e+00
4236      1.334e+02      0.198563    2.0525e+00
4237      1.334e+02      0.199219    2.0654e+00
4238      1.335e+02      0.199844    2.0377e+00
4239      1.335e+02      0.200469    2.0717e+00
4240      1.335e+02      0.201094    2.0506e+00
4241      1.336e+02      0.201719    2.1040e+00
4242      1.336e+02      0.202375    2.0821e+00
4243      1.336e+02      0.203000    2.1361e+00
4244      1.337e+02      0.203625    2.0954e+00
4245      1.337e+02      0.204250    2.1174e+00
4246      1.337e+02      0.204875    2.1152e+00
4247      1.337e+02      0.205500    2.1480e+00
4248      1.338e+02      0.206156    2.1530e+00
4249      1.338e+02      0.206781    2.1726e+00
4250      1.338e+02      0.207406    2.1606e+00
4251      1.339e+02      0.208031    2.1847e+00
4252      1.339e+02      0.208656    2.1718e+00
4253      1.339e+02      0.209313    2.2047e+00
4254      1.340e+02      0.209938    2.2154e+00
4255      1.340e+02      0.210563    2.2562e+00
4256      1.340e+02      0.211188    2.2356e+00
4257      1.341e+02      0.211813    2.2391e+00
4258      1.341e+02      0.212469    2.2514e+00
4259      1.341e+02      0.213094    2.2424e+00
4260      1.342e+02      0.213719    2.2916e+00
4261      1.342e+02      0.214344    2.2519e+00
4262      1.342e+02      0.214969    2.3058e+00
4263      1.343e+02      0.215594    2.2595e+00
4264      1.343e+02      0.216250    2.3000e+00
4265      1.343e+02      0.216875    2.2738e+00
4266      1.343e+02      0.217500    2.3181e+00
4267      1.344e+02      0.218125    2.3163e+00
4268      1.344e+02      0.218750    2.3315e+00
4269      1.344e+02      0.219406    2.3018e+00
4270      1.345e+02      0.220031    2.3241e+00
4271      1.345e+02      0.220656    2.2968e+00
4272      1.345e+02      0.221281    2.3267e+00
4273      1.346e+02      0.221906    2.3101e+00
4274      1.346e+02      0.222563    2.3255e+00
4275      1.346e+02      0.223188    2.3199e+00
4276      1.347e+02      0.223813    2.3260e+00
4277      1.347e+02      0.224438    2.2883e+00
4278      1.347e+02      0.225063    2.2835e+00
4279      1.348e+02      0.225688    2.3118e+00
4280      1.348e+02      0.226344    2.3332e+00
4281      1.348e+02      0.226969    2.3441e+00
4282      1.349e+02      0.227594    2.2781e+00
4283      1.349e+02      0.228219    2.2795e+00
4284      1.349e+02      0.228844    2.2474e+00
4285      1.349e+02      0.229500    2.2707e+00
4286      1.350e+02      0.230125    2.2488e+00
4287      1.350e+02      0.230750    2.2586e+00
4288      1.350e+02      0.231375    2.2136e+00
4289      1.351e+02      0.232031    2.2112e+00
4290      1.351e+02      0.232625    2.1810e+00
4291      1.351e+02      0.233281    2.1953e+00
4292      1.352e+02      0.233906    2.1548e+00
4293      1.352e+02      0.234531    2.1911e+00
4294      1.352e+02      0.235156    2.1383e+00
4295      1.353e+02      0.235781    2.1488e+00
4296      1.353e+02      0.236438    2.0980e+00
4297      1.353e+02      0.237063    2.0822e+00
4298      1.354e+02      0.237688    2.0855e+00
4299      1.354e+02      0.238313    2.0499e+00
4300      1.354e+02      0.238938    2.0694e+00
4301      1.355e+02      0.239594    2.0068e+00
4302      1.355e+02      0.240219    2.0155e+00
4303      1.355e+02      0.240844    1.9682e+00
4304      1.355e+02      0.241469    1.9919e+00
4305      1.356e+02      0.242125    1.9586e+00
4306      1.356e+02      0.242719    1.9614e+00
4307      1.356e+02      0.243375    1.9083e+00
4308      1.357e+02      0.244000    1.9132e+00
4309      1.357e+02      0.244625    1.8712e+00
4310      1.357e+02      0.245250    1.8843e+00
4311      1.358e+02      0.245875    1.8349e+00
4312      1.358e+02      0.246531    1.8635e+00
4313      1.358e+02      0.247156    1.8099e+00
4314      1.359e+02      0.247781    1.8241e+00
4315      1.359e+02      0.248406    1.7838e+00
4316      1.359e+02      0.249031    1.7788e+00
4317      1.360e+02      0.249688    1.7677e+00
4318      1.360e+02      0.250313    1.7568e+00
4319      1.360e+02      0.250938    1.7649e+00
4320      1.360e+02      0.251563    1.7192e+00
4321      1.361e+02      0.252219    1.7346e+00
4322      1.361e+02      0.252813    1.6869e+00
4323      1.361e+02      0.253469    1.7090e+00
4324      1.362e+02      0.254094    1.6788e+00
4325      1.362e+02      0.254719    1.6873e+00
4326      1.362e+02      0.255344    1.6561e+00
4327      1.363e+02      0.256000    1.6594e+00
4328      1.363e+02      0.256625    1.6278e+00
4329      1.363e+02      0.257250    1.6511e+00
4330      1.364e+02      0.257875    1.6217e+00
4331      1.364e+02      0.258500    1.7385e+00
4332      1.364e+02      0.259125    1.6019e+00
4333      1.365e+02      0.259781    1.6258e+00
4334      1.365e+02      0.260406    1.5769e+00
4335      1.365e+02      0.261031    1.6031e+00
4336      1.366e+02      0.261656    1.5818e+00
4337      1.366e+02      0.262313    1.5802e+00
4338      1.366e+02      0.262906    1.5753e+00
4339      1.366e+02      0.263563    1.5595e+00
4340      1.367e+02      0.264188    1.5690e+00
4341      1.367e+02      0.264813    1.5408e+00
4342      1.367e+02      0.265438    1.5582e+00
4343      1.368e+02      0.266094    1.5372e+00
4344      1.368e+02      0.266719    1.5548e+00
4345      1.368e+02      0.267344    1.5256e+00
4346      1.369e+02      0.267969    1.5388e+00
4347      1.369e+02      0.268594    1.5078e+00
4348      1.369e+02      0.269219    1.5454e+00
4349      1.370e+02      0.269875    1.4979e+00
4350      1.370e+02      0.270500    1.5332e+00
4351      1.370e+02      0.271125    1.4942e+00
4352      1.371e+02      0.271750    1.5246e+00
4353      1.371e+02      0.272406    1.4795e+00
4354      1.371e+02      0.273000    1.5172e+00
4355      1.372e+02      0.273656    1.4811e+00
4356      1.372e+02      0.274281    1.5105e+00
4357      1.372e+02      0.274906    1.4978e+00
4358      1.372e+02      0.275531    1.4893e+00
4359      1.373e+02      0.276188    1.4924e+00
4360      1.373e+02      0.276813    1.4813e+00
4361      1.373e+02      0.277438    1.4925e+00
4362      1.374e+02      0.278063    1.4813e+00
4363      1.374e+02      0.278688    1.4937e+00
4364      1.374e+02      0.279313    1.4706e+00
4365      1.375e+02      0.279969    1.4791e+00
4366      1.375e+02      0.280594    1.4684e+00
4367      1.375e+02      0.281219    1.4858e+00
4368      1.376e+02      0.281844    1.4570e+00
4369      1.376e+02      0.282500    1.5026e+00
4370      1.376e+02      0.283094    1.4548e+00
4371      1.377e+02      0.283750    1.4925e+00
4372      1.377e+02      0.284375    1.4420e+00
4373      1.377e+02      0.285000    1.4920e+00
4374      1.377e+02      0.285625    1.4483e+00
4375      1.378e+02      0.286281    1.4803e+00
4376      1.378e+02      0.286906    1.4553e+00
4377      1.378e+02      0.287531    1.4679e+00
4378      1.379e+02      0.288156    1.4631e+00
4379      1.379e+02      0.288781    1.4597e+00
4380      1.379e+02      0.289406    1.4649e+00
4381      1.380e+02      0.290063    1.4797e+00
4382      1.380e+02      0.290688    1.4728e+00
4383      1.380e+02      0.291313    1.4542e+00
4384      1.381e+02      0.291938    1.4654e+00
4385      1.381e+02      0.292594    1.4546e+00
4386      1.381e+02      0.293188    1.4620e+00
4387      1.382e+02      0.293844    1.4482e+00
4388      1.382e+02      0.294469    1.4722e+00
4389      1.382e+02      0.295094    1.4401e+00
4390      1.383e+02      0.295719    1.4810e+00
4391      1.383e+02      0.296375    1.4197e+00
4392      1.383e+02      0.297000    1.4809e+00
4393      1.383e+02      0.297625    1.4292e+00
4394      1.384e+02      0.298250    1.4798e+00
4395      1.384e+02      0.298875    1.4371e+00
4396      1.384e+02      0.299500    1.4617e+00
4397      1.385e+02      0.300156    1.4432e+00
4398      1.385e+02      0.300781    1.4525e+00
4399      1.385e+02      0.301406    1.4479e+00
4400      1.386e+02      0.302031    1.4499e+00
4401      1.386e+02      0.302656    1.4451e+00
4402      1.386e+02      0.303281    1.4521e+00
4403      1.387e+02      0.303938    1.4419e+00
4404      1.387e+02      0.304563    1.4386e+00
4405      1.387e+02      0.305188    1.4505e+00
4406      1.388e+02      0.305813    1.4405e+00
4407      1.388e+02      0.306469    1.4664e+00
4408      1.388e+02      0.307094    1.4275e+00
4409      1.389e+02      0.307719    1.4610e+00
4410      1.389e+02      0.308344    1.4096e+00
4411      1.389e+02      0.308969    1.4658e+00
4412      1.389e+02      0.309594    1.4185e+00
4413      1.390e+02      0.310250    1.4549e+00
4414      1.390e+02      0.310875    1.4215e+00
4415      1.390e+02      0.311500    1.4479e+00
4416      1.391e+02      0.312125    1.4216e+00
4417      1.391e+02      0.312750    1.4415e+00
4418      1.391e+02      0.313375    1.4264e+00
4419      1.392e+02      0.314031    1.4366e+00
4420      1.392e+02      0.314656    1.4261e+00
4421      1.392e+02      0.315281    1.4296e+00
4422      1.393e+02      0.315906    1.4217e+00
4423      1.393e+02      0.316563    1.4309e+00
4424      1.393e+02      0.317188    1.4224e+00
4425      1.394e+02      0.317813    1.4208e+00
4426      1.394e+02      0.318438    1.4337e+00
4427      1.394e+02      0.319063    1.4116e+00
4428      1.395e+02      0.319688    1.4295e+00
4429      1.395e+02      0.320344    1.3915e+00
4430      1.395e+02      0.320969    1.4332e+00
4431      1.395e+02      0.321594    1.3911e+00
4432      1.396e+02      0.322219    1.4531e+00
4433      1.396e+02      0.322844    1.3866e+00
4434      1.396e+02      0.323469    1.4276e+00
4435      1.397e+02      0.324125    1.3871e+00
4436      1.397e+02      0.324750    1.4120e+00
4437      1.397e+02      0.325375    1.3925e+00
4438      1.398e+02      0.326000    1.4096e+00
4439      1.398e+02      0.326656    1.3918e+00
4440      1.398e+02      0.327281    1.4017e+00
4441      1.399e+02      0.327906    1.3859e+00
4442      1.399e+02      0.328531    1.3920e+00
4443      1.399e+02      0.329156    1.3876e+00
4444      1.400e+02      0.329781    1.3897e+00
4445      1.400e+02      0.330438    1.3978e+00
4446      1.400e+02      0.331063    1.3830e+00
4447      1.400e+02      0.331688    1.3958e+00
4448      1.401e+02      0.332313    1.3563e+00
4449      1.401e+02      0.332938    1.3955e+00
4450      1.401e+02      0.333563    1.3625e+00
4451      1.402e+02      0.334219    1.4023e+00
4452      1.402e+02      0.334844    1.3561e+00
4453      1.402e+02      0.335469    1.3911e+00
4454      1.403e+02      0.336094    1.3522e+00
4455      1.403e+02      0.336719    1.3853e+00
4456      1.403e+02      0.337375    1.3558e+00
4457      1.404e+02      0.338000    1.3804e+00
4458      1.404e+02      0.338625    1.3503e+00
4459      1.404e+02      0.339250    1.3702e+00
4460      1.405e+02      0.339875    1.3484e+00
4461      1.405e+02      0.340531    1.3628e+00
4462      1.405e+02      0.341156    1.3460e+00
4463      1.406e+02      0.341781    1.3643e+00
4464      1.406e+02      0.342406    1.3517e+00
4465      1.406e+02      0.343031    1.3553e+00
4466      1.406e+02      0.343656    1.3526e+00
4467      1.407e+02      0.344313    1.3316e+00
4468      1.407e+02      0.344938    1.3574e+00
4469      1.407e+02      0.345563    1.3314e+00
4470      1.408e+02      0.346188    1.3687e+00
4471      1.408e+02      0.346813    1.3246e+00
4472      1.408e+02      0.347469    1.3583e+00
4473      1.409e+02      0.348094    1.3201e+00
4474      1.409e+02      0.348719    1.3491e+00
4475      1.409e+02      0.349344    1.3239e+00
4476      1.410e+02      0.349969    1.3518e+00
4477      1.410e+02      0.350625    1.3249e+00
4478      1.410e+02      0.351250    1.3435e+00
4479      1.411e+02      0.351875    1.3173e+00
4480      1.411e+02      0.352500    1.3386e+00
4481      1.411e+02      0.353125    1.3121e+00
4482      1.412e+02      0.353750    1.3411e+00
4483      1.412e+02      0.354406    1.3344e+00
4484      1.412e+02      0.355031    1.3294e+00
4485      1.412e+02      0.355656    1.3196e+00
4486      1.413e+02      0.356281    1.3116e+00
4487      1.413e+02      0.356906    1.3283e+00
4488      1.413e+02      0.357563    1.3079e+00
4489      1.414e+02      0.358188    1.3396e+00
4490      1.414e+02      0.358813    1.3067e+00
4491      1.414e+02      0.359438    1.3278e+00
4492      1.415e+02      0.360094    1.3020e+00
4493      1.415e+02      0.360719    1.3241e+00
4494      1.415e+02      0.361344    1.2972e+00
4495      1.416e+02      0.361969    1.3309e+00
4496      1.416e+02      0.362594    1.3019e+00
4497      1.416e+02      0.363219    1.3232e+00
4498      1.417e+02      0.363844    1.2971e+00
4499      1.417e+02      0.364500    1.3208e+00
4500      1.417e+02      0.365125    1.2956e+00
4501      1.418e+02      0.365750    1.3220e+00
4502      1.418e+02      0.366375    1.2978e+00
4503      1.418e+02      0.367000    1.3166e+00
4504      1.418e+02      0.367656    1.3010e+00
4505      1.419e+02      0.368281    1.3002e+00
4506      1.419e+02      0.368906    1.3125e+00
4507      1.419e+02      0.369531    1.2973e+00
4508      1.420e+02      0.370188    1.3181e+00
4509      1.420e+02      0.370813    1.2965e+00
4510      1.420e+02      0.371438    1.3191e+00
4511      1.421e+02      0.372063    1.2853e+00
4512      1.421e+02      0.372688    1.3182e+00
4513      1.421e+02      0.373313    1.2939e+00
4514      1.422e+02      0.373938    1.3156e+00
4515      1.422e+02      0.374594    1.2922e+00
4516      1.422e+02      0.375219    1.3156e+00
4517      1.423e+02      0.375844    1.2918e+00
4518      1.423e+02      0.376469    1.3113e+00
4519      1.423e+02      0.377094    1.2857e+00
4520      1.423e+02      0.377750    1.3188e+00
4521      1.424e+02      0.378375    1.2903e+00
4522      1.424e+02      0.379000    1.3108e+00
4523      1.424e+02      0.379625    1.2923e+00
4524      1.425e+02      0.380281    1.2993e+00
4525      1.425e+02      0.380906    1.2944e+00
4526      1.425e+02      0.381531    1.2946e+00
4527      1.426e+02      0.382156    1.3091e+00
4528      1.426e+02      0.382781    1.2876e+00
4529      1.426e+02      0.383406    1.3093e+00
4530      1.427e+02      0.384031    1.2837e+00
4531      1.427e+02      0.384688    1.3103e+00
4532      1.427e+02      0.385313    1.2866e+00
4533      1.428e+02      0.385938    1.3182e+00
4534      1.428e+02      0.386563    1.2880e+00
4535      1.428e+02      0.387188    1.3088e+00
4536      1.429e+02      0.387844    1.2880e+00
4537      1.429e+02      0.388469    1.3050e+00
4538      1.429e+02      0.389094    1.2820e+00
4539      1.429e+02      0.389719    1.3098e+00
4540      1.430e+02      0.390375    1.2821e+00
4541      1.430e+02      0.391000    1.3092e+00
4542      1.430e+02      0.391625    1.2819e+00
4543      1.431e+02      0.392250    1.2997e+00
4544      1.431e+02      0.392875    1.2862e+00
4545      1.431e+02      0.393500    1.2956e+00
4546      1.432e+02      0.394156    1.3025e+00
4547      1.432e+02      0.394781    1.2915e+00
4548      1.432e+02      0.395406    1.2979e+00
4549      1.433e+02      0.396031    1.2823e+00
4550      1.433e+02      0.396656    1.3089e+00
4551      1.433e+02      0.397281    1.2828e+00
4552      1.434e+02      0.397938    1.3063e+00
4553      1.434e+02      0.398563    1.2846e+00
4554      1.434e+02      0.399188    1.3014e+00
4555      1.435e+02      0.399813    1.2828e+00
4556      1.435e+02      0.400469    1.3023e+00
4557      1.435e+02      0.401094    1.2812e+00
4558      1.435e+02      0.401719    1.3072e+00
4559      1.436e+02      0.402344    1.2817e+00
4560      1.436e+02      0.402969    1.3091e+00
4561      1.436e+02      0.403594    1.2788e+00
4562      1.437e+02      0.404250    1.3024e+00
4563      1.437e+02      0.404875    1.2826e+00
4564      1.437e+02      0.405500    1.3008e+00
4565      1.438e+02      0.406125    1.2931e+00
4566      1.438e+02      0.406750    1.2927e+00
4567      1.438e+02      0.407375    1.2973e+00
4568      1.439e+02      0.408031    1.2864e+00
4569      1.439e+02      0.408656    1.3027e+00
4570      1.439e+02      0.409281    1.2848e+00
4571      1.440e+02      0.409906    1.3045e+00
4572      1.440e+02      0.410563    1.2853e+00
4573      1.440e+02      0.411188    1.3020e+00
4574      1.440e+02      0.411813    1.2865e+00
4575      1.441e+02      0.412438    1.3047e+00
4576      1.441e+02      0.413063    1.2845e+00
4577      1.441e+02      0.413688    1.3058e+00
4578      1.442e+02      0.414344    1.2823e+00
4579      1.442e+02      0.414969    1.3102e+00
4580      1.442e+02      0.415594    1.2799e+00
4581      1.443e+02      0.416219    1.3033e+00
4582      1.443e+02      0.416844    1.2790e+00
4583      1.443e+02      0.417469    1.3090e+00
4584      1.444e+02      0.418125    1.2923e+00
4585      1.444e+02      0.418750    1.2943e+00
4586      1.444e+02      0.419375    1.2934e+00
4587      1.445e+02      0.420000    1.2952e+00
4588      1.445e+02      0.420656    1.2942e+00
4589      1.445e+02      0.421281    1.2906e+00
4590      1.446e+02      0.421906    1.3001e+00
4591      1.446e+02      0.422531    1.2877e+00
4592      1.446e+02      0.423156    1.2987e+00
4593      1.446e+02      0.423781    1.2880e+00
4594      1.447e+02      0.424438    1.3032e+00
4595      1.447e+02      0.425063    1.2881e+00
4596      1.447e+02      0.425688    1.3030e+00
4597      1.448e+02      0.426313    1.2872e+00
4598      1.448e+02      0.426938    1.3094e+00
4599      1.448e+02      0.427563    1.2851e+00
4600      1.449e+02      0.428219    1.3080e+00
4601      1.449e+02      0.428844    1.2824e+00
4602      1.449e+02      0.429469    1.3101e+00
4603      1.450e+02      0.430094    1.2857e+00
4604      1.450e+02      0.430750    1.3010e+00
4605      1.450e+02      0.431344    1.2910e+00
4606      1.451e+02      0.432000    1.2992e+00
4607      1.451e+02      0.432625    1.2940e+00
4608      1.451e+02      0.433250    1.2958e+00
4609      1.452e+02      0.433875    1.3006e+00
4610      1.452e+02      0.434531    1.2928e+00
4611      1.452e+02      0.435156    1.2997e+00
4612      1.452e+02      0.435781    1.2914e+00
4613      1.453e+02      0.436406    1.3011e+00
4614      1.453e+02      0.437031    1.2927e+00
4615      1.453e+02      0.437656    1.3041e+00
4616      1.454e+02      0.438313    1.2865e+00
4617      1.454e+02      0.438938    1.3094e+00
4618      1.454e+02      0.439563    1.2841e+00
4619      1.455e+02      0.440188    1.3117e+00
4620      1.455e+02      0.440813    1.2856e+00
4621      1.455e+02      0.441438    1.3142e+00
4622      1.456e+02      0.442094    1.2856e+00
4623      1.456e+02      0.442719    1.3085e+00
4624      1.456e+02      0.443344    1.2905e+00
4625      1.457e+02      0.443969    1.3057e+00
4626      1.457e+02      0.444625    1.2938e+00
4627      1.457e+02      0.445250    1.3054e+00
4628      1.458e+02      0.445875    1.2982e+00
4629      1.458e+02      0.446500    1.2981e+00
4630      1.458e+02      0.447125    1.3005e+00
4631      1.458e+02      0.447750    1.2979e+00
4632      1.459e+02      0.448406    1.2998e+00
4633      1.459e+02      0.449031    1.2973e+00
4634      1.459e+02      0.449656    1.3044e+00
4635      1.460e+02      0.450281    1.2995e+00
4636      1.460e+02      0.450906    1.3096e+00
4637      1.460e+02      0.451531    1.2898e+00
4638      1.461e+02      0.452188    1.3121e+00
4639      1.461e+02      0.452813    1.2899e+00
4640      1.461e+02      0.453438    1.3170e+00
4641      1.462e+02      0.454063    1.2881e+00
4642      1.462e+02      0.454719    1.3165e+00
4643      1.462e+02      0.455344    1.2907e+00
4644      1.463e+02      0.455969    1.3082e+00
4645      1.463e+02      0.456594    1.2975e+00
4646      1.463e+02      0.457219    1.3101e+00
4647      1.463e+02      0.457844    1.2969e+00
4648      1.464e+02      0.458500    1.3026e+00
4649      1.464e+02      0.459125    1.2976e+00
4650      1.464e+02      0.459750    1.3088e+00
4651      1.465e+02      0.460375    1.2996e+00
4652      1.465e+02      0.461000    1.3014e+00
4653      1.465e+02      0.461625    1.3084e+00
4654      1.466e+02      0.462281    1.2991e+00
4655      1.466e+02      0.462906    1.3069e+00
4656      1.466e+02      0.463531    1.2974e+00
4657      1.467e+02      0.464156    1.3133e+00
4658      1.467e+02      0.464813    1.2896e+00
4659      1.467e+02      0.465438    1.3192e+00
4660      1.468e+02      0.466063    1.2952e+00
4661      1.468e+02      0.466688    1.3214e+00
4662      1.468e+02      0.467313    1.2909e+00
4663      1.469e+02      0.467938    1.3149e+00
4664      1.469e+02      0.468594    1.2980e+00
4665      1.469e+02      0.469219    1.3133e+00
4666      1.469e+02      0.469844    1.2977e+00
4667      1.470e+02      0.470469    1.3113e+00
4668      1.470e+02      0.471094    1.3013e+00
4669      1.470e+02      0.471719    1.3110e+00
4670      1.471e+02      0.472375    1.2995e+00
4671      1.471e+02      0.473000    1.3078e+00
4672      1.471e+02      0.473625    1.3045e+00
4673      1.472e+02      0.474281    1.3040e+00
4674      1.472e+02      0.474875    1.3096e+00
4675      1.472e+02      0.475531    1.3032e+00
4676      1.473e+02      0.476156    1.3108e+00
4677      1.473e+02      0.476781    1.2975e+00
4678      1.473e+02      0.477406    1.3180e+00
4679      1.474e+02      0.478031    1.3008e+00
4680      1.474e+02      0.478688    1.3205e+00
4681      1.474e+02      0.479313    1.2969e+00
4682      1.475e+02      0.479938    1.3168e+00
4683      1.475e+02      0.480563    1.3012e+00
4684      1.475e+02      0.481188    1.3166e+00
4685      1.475e+02      0.481813    1.3023e+00
4686      1.476e+02      0.482469    1.3235e+00
4687      1.476e+02      0.483094    1.3026e+00
4688      1.476e+02      0.483719    1.3161e+00
4689      1.477e+02      0.484344    1.3010e+00
4690      1.477e+02      0.484969    1.3182e+00
4691      1.477e+02      0.485625    1.3030e+00
4692      1.478e+02      0.486250    1.3108e+00
4693      1.478e+02      0.486875    1.3053e+00
4694      1.478e+02      0.487500    1.3121e+00
4695      1.479e+02      0.488125    1.3113e+00
4696      1.479e+02      0.488781    1.3001e+00
4697      1.479e+02      0.489406    1.3183e+00
4698      1.480e+02      0.490031    1.3058e+00
4699      1.480e+02      0.490656    1.3195e+00
4700      1.480e+02      0.491281    1.3008e+00
4701      1.481e+02      0.491906    1.3222e+00
4702      1.481e+02      0.492563    1.3031e+00
4703      1.481e+02      0.493188    1.3180e+00
4704      1.481e+02      0.493813    1.3052e+00
4705      1.482e+02      0.494469    1.3243e+00
4706      1.482e+02      0.495063    1.3029e+00
4707      1.482e+02      0.495719    1.3217e+00
4708      1.483e+02      0.496344    1.3101e+00
4709      1.483e+02      0.496969    1.3249e+00
4710      1.483e+02      0.497594    1.3034e+00
4711      1.484e+02      0.498250    1.3194e+00
4712      1.484e+02      0.498875    1.3089e+00
4713      1.484e+02      0.499500    1.3189e+00
4714      1.485e+02      0.500125    1.3107e+00
4715      1.485e+02      0.500750    1.3116e+00
4716      1.485e+02      0.501375    1.3164e+00
4717      1.486e+02      0.502000    1.3098e+00
4718      1.486e+02      0.502656    1.3249e+00
4719      1.486e+02      0.503281    1.3081e+00
4720      1.486e+02      0.503906    1.3254e+00
4721      1.487e+02      0.504563    1.3065e+00
4722      1.487e+02      0.505156    1.3271e+00
4723      1.487e+02      0.505813    1.3125e+00
4724      1.488e+02      0.506438    1.3304e+00
4725      1.488e+02      0.507063    1.3141e+00
4726      1.488e+02      0.507688    1.3251e+00
4727      1.489e+02      0.508344    1.3137e+00
4728      1.489e+02      0.508969    1.3263e+00
4729      1.489e+02      0.509594    1.3121e+00
4730      1.490e+02      0.510219    1.3321e+00
4731      1.490e+02      0.510844    1.3102e+00
4732      1.490e+02      0.511469    1.3312e+00
4733      1.491e+02      0.512094    1.3153e+00
4734      1.491e+02      0.512750    1.3241e+00
4735      1.491e+02      0.513375    1.3193e+00
4736      1.492e+02      0.514000    1.3355e+00
4737      1.492e+02      0.514625    1.3268e+00
4738      1.492e+02      0.515250    1.3200e+00
4739      1.492e+02      0.515906    1.3318e+00
4740      1.493e+02      0.516531    1.3135e+00
4741      1.493e+02      0.517156    1.3350e+00
4742      1.493e+02      0.517781    1.3150e+00
4743      1.494e+02      0.518438    1.3370e+00
4744      1.494e+02      0.519063    1.3158e+00
4745      1.494e+02      0.519688    1.3371e+00
4746      1.495e+02      0.520313    1.3180e+00
4747      1.495e+02      0.520938    1.3363e+00
4748      1.495e+02      0.521563    1.3203e+00
4749      1.496e+02      0.522188    1.3437e+00
4750      1.496e+02      0.522844    1.3195e+00
4751      1.496e+02      0.523469    1.3429e+00
4752      1.497e+02      0.524094    1.3184e+00
4753      1.497e+02      0.524750    1.3379e+00
4754      1.497e+02      0.525344    1.3235e+00
4755      1.498e+02      0.526000    1.3406e+00
4756      1.498e+02      0.526625    1.3340e+00
4757      1.498e+02      0.527250    1.3307e+00
4758      1.498e+02      0.527875    1.3383e+00
4759      1.499e+02      0.528531    1.3291e+00
4760      1.499e+02      0.529156    1.3437e+00
4761      1.499e+02      0.529781    1.3254e+00
4762      1.500e+02      0.530406    1.3453e+00
4763      1.500e+02      0.531031    1.3305e+00
4764      1.500e+02      0.531656    1.3459e+00
4765      1.501e+02      0.532313    1.3297e+00
4766      1.501e+02      0.532938    1.3483e+00
4767      1.501e+02      0.533563    1.3328e+00
4768      1.502e+02      0.534188    1.3487e+00
4769      1.502e+02      0.534844    1.3314e+00
4770      1.502e+02      0.535438    1.3542e+00
4771      1.503e+02      0.536094    1.3307e+00
4772      1.503e+02      0.536719    1.3550e+00
4773      1.503e+02      0.537344    1.3327e+00
4774      1.503e+02      0.537969    1.3558e+00
4775      1.504e+02      0.538625    1.3425e+00
4776      1.504e+02      0.539250    1.3502e+00
4777      1.504e+02      0.539875    1.3435e+00
4778      1.505e+02      0.540500    1.3443e+00
4779      1.505e+02      0.541125    1.3494e+00
4780      1.505e+02      0.541750    1.3448e+00
4781      1.506e+02      0.542406    1.3560e+00
4782      1.506e+02      0.543031    1.3462e+00
4783      1.506e+02      0.543656    1.3532e+00
4784      1.507e+02      0.544281    1.3414e+00
4785      1.507e+02      0.544906    1.3568e+00
4786      1.507e+02      0.545531    1.3482e+00
4787      1.508e+02      0.546188    1.3659e+00
4788      1.508e+02      0.546813    1.3429e+00
4789      1.508e+02      0.547438    1.3663e+00
4790      1.509e+02      0.548063    1.3412e+00
4791      1.509e+02      0.548719    1.3649e+00
4792      1.509e+02      0.549344    1.3461e+00
4793      1.509e+02      0.549969    1.3689e+00
4794      1.510e+02      0.550594    1.3476e+00
4795      1.510e+02      0.551219    1.3658e+00
4796      1.510e+02      0.551844    1.3503e+00
4797      1.511e+02      0.552500    1.3556e+00
4798      1.511e+02      0.553125    1.3575e+00
4799      1.511e+02      0.553750    1.3607e+00
4800      1.512e+02      0.554375    1.3643e+00
4801      1.512e+02      0.555000    1.3585e+00
4802      1.512e+02      0.555625    1.3629e+00
4803      1.513e+02      0.556281    1.3569e+00
4804      1.513e+02      0.556906    1.3683e+00
4805      1.513e+02      0.557531    1.3591e+00
4806      1.514e+02      0.558156    1.3697e+00
4807      1.514e+02      0.558813    1.3562e+00
4808      1.514e+02      0.559438    1.3736e+00
4809      1.515e+02      0.560063    1.3517e+00
4810      1.515e+02      0.560688    1.3803e+00
4811      1.515e+02      0.561313    1.3559e+00
4812      1.515e+02      0.561938    1.3814e+00
4813      1.516e+02      0.562594    1.3571e+00
4814      1.516e+02      0.563219    1.3801e+00
4815      1.516e+02      0.563844    1.3604e+00
4816      1.517e+02      0.564469    1.3743e+00
4817      1.517e+02      0.565094    1.3647e+00
4818      1.517e+02      0.565719    1.3748e+00
4819      1.518e+02      0.566375    1.3690e+00
4820      1.518e+02      0.567000    1.3744e+00
4821      1.518e+02      0.567625    1.3731e+00
4822      1.519e+02      0.568250    1.3707e+00
4823      1.519e+02      0.568906    1.3760e+00
4824      1.519e+02      0.569531    1.3730e+00
4825      1.520e+02      0.570156    1.3807e+00
4826      1.520e+02      0.570781    1.3699e+00
4827      1.520e+02      0.571406    1.3807e+00
4828      1.521e+02      0.572031    1.3673e+00
4829      1.521e+02      0.572688    1.3891e+00
4830      1.521e+02      0.573313    1.3656e+00
4831      1.521e+02      0.573938    1.3915e+00
4832      1.522e+02      0.574563    1.3716e+00
4833      1.522e+02      0.575188    1.3937e+00
4834      1.522e+02      0.575813    1.3676e+00
4835      1.523e+02      0.576469    1.3892e+00
4836      1.523e+02      0.577094    1.3734e+00
4837      1.523e+02      0.577719    1.3925e+00
4838      1.524e+02      0.578344    1.3814e+00
4839      1.524e+02      0.578969    1.3909e+00
4840      1.524e+02      0.579625    1.3806e+00
4841      1.525e+02      0.580250    1.3860e+00
4842      1.525e+02      0.580875    1.3803e+00
4843      1.525e+02      0.581500    1.3889e+00
4844      1.526e+02      0.582125    1.3850e+00
4845      1.526e+02      0.582781    1.3845e+00
4846      1.526e+02      0.583406    1.3898e+00
4847      1.526e+02      0.584031    1.3802e+00
4848      1.527e+02      0.584656    1.3985e+00
4849      1.527e+02      0.585281    1.3777e+00
4850      1.527e+02      0.585906    1.4058e+00
4851      1.528e+02      0.586563    1.3811e+00
4852      1.528e+02      0.587188    1.4028e+00
4853      1.528e+02      0.587813    1.3795e+00
4854      1.529e+02      0.588438    1.4036e+00
4855      1.529e+02      0.589063    1.3870e+00
4856      1.529e+02      0.589719    1.4016e+00
4857      1.530e+02      0.590344    1.3881e+00
4858      1.530e+02      0.590969    1.4042e+00
4859      1.530e+02      0.591594    1.3872e+00
4860      1.531e+02      0.592219    1.4004e+00
4861      1.531e+02      0.592875    1.3852e+00
4862      1.531e+02      0.593500    1.4037e+00
4863      1.532e+02      0.594125    1.3915e+00
4864      1.532e+02      0.594750    1.3965e+00
4865      1.532e+02      0.595375    1.3969e+00
4866      1.532e+02      0.596000    1.3974e+00
4867      1.533e+02      0.596656    1.4037e+00
4868      1.533e+02      0.597281    1.3931e+00
4869      1.533e+02      0.597906    1.4092e+00
4870      1.534e+02      0.598531    1.3909e+00
4871      1.534e+02      0.599156    1.4129e+00
4872      1.534e+02      0.599813    1.3905e+00
4873      1.535e+02      0.600438    1.4148e+00
4874      1.535e+02      0.601063    1.3919e+00
4875      1.535e+02      0.601688    1.4139e+00
4876      1.536e+02      0.602313    1.3949e+00
4877      1.536e+02      0.602969    1.4149e+00
4878      1.536e+02      0.603594    1.3970e+00
4879      1.537e+02      0.604219    1.4124e+00
4880      1.537e+02      0.604844    1.4002e+00
4881      1.537e+02      0.605469    1.4164e+00
4882      1.538e+02      0.606094    1.3963e+00
4883      1.538e+02      0.606750    1.4127e+00
4884      1.538e+02      0.607375    1.3981e+00
4885      1.538e+02      0.608000    1.4148e+00
4886      1.539e+02      0.608625    1.4058e+00
4887      1.539e+02      0.609250    1.4087e+00
4888      1.539e+02      0.609906    1.4173e+00
4889      1.540e+02      0.610531    1.4000e+00
4890      1.540e+02      0.611156    1.4219e+00
4891      1.540e+02      0.611781    1.3997e+00
4892      1.541e+02      0.612438    1.4203e+00
4893      1.541e+02      0.613031    1.3984e+00
4894      1.541e+02      0.613688    1.4223e+00
4895      1.542e+02      0.614313    1.4046e+00
4896      1.542e+02      0.614938    1.4257e+00
4897      1.542e+02      0.615563    1.4044e+00
4898      1.543e+02      0.616188    1.4230e+00
4899      1.543e+02      0.616844    1.4068e+00
4900      1.543e+02      0.617469    1.4275e+00
4901      1.544e+02      0.618094    1.4049e+00
4902      1.544e+02      0.618719    1.4261e+00
4903      1.544e+02      0.619344    1.4066e+00
4904      1.544e+02      0.620000    1.4273e+00
4905      1.545e+02      0.620625    1.4060e+00
4906      1.545e+02      0.621250    1.4255e+00
4907      1.545e+02      0.621875    1.4112e+00
4908      1.546e+02      0.622531    1.4132e+00
4909      1.546e+02      0.623125    1.4210e+00
4910      1.546e+02      0.623781    1.4141e+00
4911      1.547e+02      0.624406    1.4253e+00
4912      1.547e+02      0.625031    1.4092e+00
4913      1.547e+02      0.625656    1.4328e+00
4914      1.548e+02      0.626281    1.4100e+00
4915      1.548e+02      0.626938    1.4322e+00
4916      1.548e+02      0.627563    1.4130e+00
4917      1.549e+02      0.628188    1.4305e+00
4918      1.549e+02      0.628813    1.4135e+00
4919      1.549e+02      0.629438    1.4330e+00
4920      1.549e+02      0.630094    1.4149e+00
4921      1.550e+02      0.630719    1.4400e+00
4922      1.550e+02      0.631344    1.4103e+00
4923      1.550e+02      0.631969    1.4382e+00
4924      1.551e+02      0.632625    1.4111e+00
4925      1.551e+02      0.633219    1.4409e+00
4926      1.551e+02      0.633875    1.4174e+00
4927      1.552e+02      0.634500    1.4323e+00
4928      1.552e+02      0.635125    1.4264e+00
4929      1.552e+02      0.635750    1.4273e+00
4930      1.553e+02      0.636406    1.4291e+00
4931      1.553e+02      0.637031    1.4263e+00
4932      1.553e+02      0.637656    1.4343e+00
4933      1.554e+02      0.638281    1.4206e+00
4934      1.554e+02      0.638906    1.4416e+00
4935      1.554e+02      0.639531    1.4233e+00
4936      1.555e+02      0.640188    1.4411e+00
4937      1.555e+02      0.640813    1.4221e+00
4938      1.555e+02      0.641438    1.4449e+00
4939      1.555e+02      0.642063    1.4347e+00
4940      1.556e+02      0.642719    1.4528e+00
4941      1.556e+02      0.643313    1.4216e+00
4942      1.556e+02      0.643969    1.4517e+00
4943      1.557e+02      0.644594    1.4244e+00
4944      1.557e+02      0.645219    1.4539e+00
4945      1.557e+02      0.645844    1.4265e+00
4946      1.558e+02      0.646500    1.4529e+00
4947      1.558e+02      0.647125    1.4303e+00
4948      1.558e+02      0.647750    1.4504e+00
4949      1.559e+02      0.648375    1.4346e+00
4950      1.559e+02      0.649000    1.4372e+00
4951      1.559e+02      0.649625    1.4446e+00
4952      1.560e+02      0.650281    1.4450e+00
4953      1.560e+02      0.650906    1.4486e+00
4954      1.560e+02      0.651531    1.4416e+00
4955      1.561e+02      0.652156    1.4493e+00
4956      1.561e+02      0.652813    1.4372e+00
4957      1.561e+02      0.653406    1.4535e+00
4958      1.561e+02      0.654063    1.4434e+00
4959      1.562e+02      0.654688    1.4614e+00
4960      1.562e+02      0.655313    1.4393e+00
4961      1.562e+02      0.655938    1.4644e+00
4962      1.563e+02      0.656594    1.4349e+00
4963      1.563e+02      0.657219    1.4700e+00
4964      1.563e+02      0.657844    1.4381e+00
4965      1.564e+02      0.658469    1.4735e+00
4966      1.564e+02      0.659094    1.4384e+00
4967      1.564e+02      0.659719    1.4703e+00
4968      1.565e+02      0.660375    1.4425e+00
4969      1.565e+02      0.661000    1.4595e+00
4970      1.565e+02      0.661625    1.4558e+00
4971      1.566e+02      0.662250    1.4633e+00
4972      1.566e+02      0.662906    1.4624e+00
4973      1.566e+02      0.663500    1.4592e+00
4974      1.566e+02      0.664156    1.4593e+00
4975      1.567e+02      0.664781    1.4573e+00
4976      1.567e+02      0.665406    1.4687e+00
4977      1.567e+02      0.666031    1.4635e+00
4978      1.568e+02      0.666688    1.4754e+00
4979      1.568e+02      0.667313    1.4604e+00
4980      1.568e+02      0.667938    1.4755e+00
4981      1.569e+02      0.668563    1.4545e+00
4982      1.569e+02      0.669188    1.4881e+00
4983      1.569e+02      0.669813    1.4566e+00
4984      1.570e+02      0.670469    1.4912e+00
4985      1.570e+02      0.671094    1.4567e+00
4986      1.570e+02      0.671719    1.4929e+00
4987      1.571e+02      0.672344    1.4524e+00
4988      1.571e+02      0.673000    1.4853e+00
4989      1.571e+02      0.673594    1.4646e+00
4990      1.572e+02      0.674250    1.4971e+00
4991      1.572e+02      0.674875    1.4803e+00
4992      1.572e+02      0.675500    1.4857e+00
4993      1.572e+02      0.676125    1.4764e+00
4994      1.573e+02      0.676781    1.4824e+00
4995      1.573e+02      0.677406    1.4857e+00
4996      1.573e+02      0.678031    1.4856e+00
4997      1.574e+02      0.678656    1.4933e+00
4998      1.574e+02      0.679281    1.4882e+00
4999      1.574e+02      0.679906    1.4902e+00
5000      1.575e+02      0.680563    1.4800e+00
5001      1.575e+02      0.681188    1.5035e+00
5002      1.575e+02      0.681813    1.4813e+00
5003      1.576e+02      0.682438    1.5178e+00
5004      1.576e+02      0.683063    1.4816e+00
5005      1.576e+02      0.683688    1.5153e+00
5006      1.577e+02      0.684344    1.4791e+00
5007      1.577e+02      0.684969    1.5118e+00
5008      1.577e+02      0.685594    1.4888e+00
5009      1.578e+02      0.686219    1.5130e+00
5010      1.578e+02      0.686875    1.4948e+00
5011      1.578e+02      0.687500    1.5133e+00
5012      1.578e+02      0.688125    1.4932e+00
5013      1.579e+02      0.688750    1.5087e+00
5014      1.579e+02      0.689375    1.4999e+00
5015      1.579e+02      0.690000    1.5157e+00
5016      1.580e+02      0.690656    1.5065e+00
5017      1.580e+02      0.691281    1.5140e+00
5018      1.580e+02      0.691906    1.5074e+00
5019      1.581e+02      0.692531    1.5069e+00
5020      1.581e+02      0.693156    1.5196e+00
5021      1.581e+02      0.693781    1.5060e+00
5022      1.582e+02      0.694438    1.5278e+00
5023      1.582e+02      0.695063    1.5035e+00
5024      1.582e+02      0.695688    1.5378e+00
5025      1.583e+02      0.696313    1.5012e+00
5026      1.583e+02      0.696969    1.5407e+00
5027      1.583e+02      0.697594    1.5080e+00
5028      1.584e+02      0.698219    1.5384e+00
5029      1.584e+02      0.698844    1.5149e+00
5030      1.584e+02      0.699469    1.5375e+00
5031      1.584e+02      0.700094    1.5124e+00
5032      1.585e+02      0.700688    1.4982e+00
5033      1.585e+02      0.700406    1.3377e+00
5034      1.585e+02      0.699781    1.3161e+00
5035      1.586e+02      0.699156    1.3002e+00
5036      1.586e+02      0.698531    1.3101e+00
5037      1.586e+02      0.697875    1.2892e+00
5038      1.587e+02      0.697250    1.3112e+00
5039      1.587e+02      0.696625    1.2803e+00
5040      1.587e+02      0.696000    1.3072e+00
5041      1.588e+02      0.695375    1.2804e+00
5042      1.588e+02      0.694719    1.3001e+00
5043      1.588e+02      0.694094    1.2755e+00
5044      1.589e+02      0.693469    1.2989e+00
5045      1.589e+02      0.692844    1.2746e+00
5046      1.589e+02      0.692219    1.3004e+00
5047      1.589e+02      0.691594    1.2672e+00
5048      1.590e+02      0.690938    1.2995e+00
5049      1.590e+02      0.690313    1.2601e+00
5050      1.590e+02      0.689688    1.2976e+00
5051      1.591e+02      0.689063    1.2691e+00
5052      1.591e+02      0.688438    1.2940e+00
5053      1.591e+02      0.687781    1.2760e+00
5054      1.592e+02      0.687156    1.2811e+00
5055      1.592e+02      0.686531    1.2821e+00
5056      1.592e+02      0.685906    1.2745e+00
5057      1.593e+02      0.685250    1.2922e+00
5058      1.593e+02      0.684656    1.2682e+00
5059      1.593e+02      0.684000    1.2924e+00
5060      1.594e+02      0.683375    1.2671e+00
5061      1.594e+02      0.682750    1.2851e+00
5062      1.594e+02      0.682125    1.2684e+00
5063      1.595e+02      0.681500    1.2876e+00
5064      1.595e+02      0.680844    1.2636e+00
5065      1.595e+02      0.680219    1.2945e+00
5066      1.595e+02      0.679594    1.2640e+00
5067      1.596e+02      0.678969    1.2882e+00
5068      1.596e+02      0.678344    1.2586e+00
5069      1.596e+02      0.677688    1.2931e+00
5070      1.597e+02      0.677063    1.2642e+00
5071      1.597e+02      0.676438    1.2922e+00
5072      1.597e+02      0.675813    1.2659e+00
5073      1.598e+02      0.675156    1.2788e+00
5074      1.598e+02      0.674531    1.2729e+00
5075      1.598e+02      0.673906    1.2700e+00
5076      1.599e+02      0.673281    1.2843e+00
5077      1.599e+02      0.672656    1.2668e+00
5078      1.599e+02      0.672031    1.2853e+00
5079      1.600e+02      0.671406    1.2660e+00
5080      1.600e+02      0.670750    1.2822e+00
5081      1.600e+02      0.670125    1.2653e+00
5082      1.601e+02      0.669500    1.2806e+00
5083      1.601e+02      0.668875    1.2637e+00
5084      1.601e+02      0.668250    1.2881e+00
5085      1.601e+02      0.667594    1.2646e+00
5086      1.602e+02      0.666969    1.2903e+00
5087      1.602e+02      0.666344    1.2544e+00
5088      1.602e+02      0.665719    1.2884e+00
5089      1.603e+02      0.665063    1.2556e+00
5090      1.603e+02      0.664469    1.2891e+00
5091      1.603e+02      0.663813    1.2599e+00
5092      1.604e+02      0.663188    1.2831e+00
5093      1.604e+02      0.662563    1.2653e+00
5094      1.604e+02      0.661938    1.2776e+00
5095      1.605e+02      0.661313    1.2694e+00
5096      1.605e+02      0.660656    1.2706e+00
5097      1.605e+02      0.660031    1.2785e+00
5098      1.606e+02      0.659406    1.2676e+00
5099      1.606e+02      0.658781    1.2791e+00
5100      1.606e+02      0.658156    1.2643e+00
5101      1.607e+02      0.657500    1.2765e+00
5102      1.607e+02      0.656875    1.2618e+00
5103      1.607e+02      0.656250    1.2796e+00
5104      1.607e+02      0.655625    1.2653e+00
5105      1.608e+02      0.654969    1.2815e+00
5106      1.608e+02      0.654375    1.2543e+00
5107      1.608e+02      0.653719    1.2844e+00
5108      1.609e+02      0.653094    1.2539e+00
5109      1.609e+02      0.652469    1.2889e+00
5110      1.609e+02      0.651844    1.2591e+00
5111      1.610e+02      0.651188    1.2833e+00
5112      1.610e+02      0.650563    1.2568e+00
5113      1.610e+02      0.649938    1.2793e+00
5114      1.611e+02      0.649313    1.2618e+00
5115      1.611e+02      0.648688    1.2759e+00
5116      1.611e+02      0.648063    1.2715e+00
5117      1.612e+02      0.647406    1.2695e+00
5118      1.612e+02      0.646781    1.2770e+00
5119      1.612e+02      0.646156    1.2635e+00
5120      1.612e+02      0.645531    1.2734e+00
5121      1.613e+02      0.644875    1.2625e+00
5122      1.613e+02      0.644281    1.2749e+00
5123      1.613e+02      0.643625    1.2643e+00
5124      1.614e+02      0.643000    1.2770e+00
5125      1.614e+02      0.642375    1.2511e+00
5126      1.614e+02      0.641750    1.2740e+00
5127      1.615e+02      0.641094    1.2509e+00
5128      1.615e+02      0.640469    1.2797e+00
5129      1.615e+02      0.639844    1.2542e+00
5130      1.616e+02      0.639219    1.2820e+00
5131      1.616e+02      0.638594    1.2526e+00
5132      1.616e+02      0.637969    1.2799e+00
5133      1.617e+02      0.637313    1.2539e+00
5134      1.617e+02      0.636688    1.2731e+00
5135      1.617e+02      0.636063    1.2622e+00
5136      1.618e+02      0.635438    1.2734e+00
5137      1.618e+02      0.634781    1.2667e+00
5138      1.618e+02      0.634188    1.2613e+00
5139      1.618e+02      0.633531    1.2633e+00
5140      1.619e+02      0.632906    1.2631e+00
5141      1.619e+02      0.632281    1.2679e+00
5142      1.619e+02      0.631656    1.2623e+00
5143      1.620e+02      0.631000    1.2719e+00
5144      1.620e+02      0.630375    1.2546e+00
5145      1.620e+02      0.629750    1.2669e+00
5146      1.621e+02      0.629125    1.2495e+00
5147      1.621e+02      0.628500    1.2750e+00
5148      1.621e+02      0.627875    1.2503e+00
5149      1.622e+02      0.627219    1.2743e+00
5150      1.622e+02      0.626594    1.2482e+00
5151      1.622e+02      0.625969    1.2727e+00
5152      1.623e+02      0.625344    1.2431e+00
5153      1.623e+02      0.624688    1.2646e+00
5154      1.623e+02      0.624094    1.2515e+00
5155      1.624e+02      0.623438    1.2670e+00
5156      1.624e+02      0.622813    1.2623e+00
5157      1.624e+02      0.622188    1.2626e+00
5158      1.624e+02      0.621563    1.2568e+00
5159      1.625e+02      0.620906    1.2573e+00
5160      1.625e+02      0.620281    1.2584e+00
5161      1.625e+02      0.619656    1.2573e+00
5162      1.626e+02      0.619031    1.2618e+00
5163      1.626e+02      0.618406    1.2516e+00
5164      1.626e+02      0.617781    1.2598e+00
5165      1.627e+02      0.617125    1.2494e+00
5166      1.627e+02      0.616500    1.2637e+00
5167      1.627e+02      0.615875    1.2478e+00
5168      1.628e+02      0.615250    1.2688e+00
5169      1.628e+02      0.614594    1.2363e+00
5170      1.628e+02      0.614000    1.2679e+00
5171      1.629e+02      0.613344    1.2384e+00
5172      1.629e+02      0.612719    1.2629e+00
5173      1.629e+02      0.612094    1.2439e+00
5174      1.629e+02      0.611469    1.2651e+00
5175      1.630e+02      0.610813    1.2467e+00
5176      1.630e+02      0.610188    1.2564e+00
5177      1.630e+02      0.609563    1.2467e+00
5178      1.631e+02      0.608938    1.2546e+00
5179      1.631e+02      0.608313    1.2493e+00
5180      1.631e+02      0.607688    1.2547e+00
5181      1.632e+02      0.607031    1.2532e+00
5182      1.632e+02      0.606406    1.2512e+00
5183      1.632e+02      0.605781    1.2514e+00
5184      1.633e+02      0.605156    1.2470e+00
5185      1.633e+02      0.604531    1.2546e+00
5186      1.633e+02      0.603906    1.2430e+00
5187      1.634e+02      0.603250    1.2619e+00
5188      1.634e+02      0.602625    1.2347e+00
5189      1.634e+02      0.602000    1.2601e+00
5190      1.635e+02      0.601375    1.2347e+00
5191      1.635e+02      0.600719    1.2586e+00
5192      1.635e+02      0.600094    1.2423e+00
5193      1.635e+02      0.599469    1.2543e+00
5194      1.636e+02      0.598844    1.2364e+00
5195      1.636e+02      0.598219    1.2578e+00
5196      1.636e+02      0.597594    1.2392e+00
5197      1.637e+02      0.596938    1.2550e+00
5198      1.637e+02      0.596313    1.2412e+00
5199      1.637e+02      0.595688    1.2552e+00
5200      1.638e+02      0.595063    1.2451e+00
5201      1.638e+02      0.594438    1.2473e+00
5202      1.638e+02      0.593813    1.2445e+00
5203      1.639e+02      0.593156    1.2472e+00
5204      1.639e+02      0.592531    1.2484e+00
5205      1.639e+02      0.591906    1.2433e+00
5206      1.640e+02      0.591281    1.2522e+00
5207      1.640e+02      0.590625    1.2348e+00
5208      1.640e+02      0.590000    1.2551e+00
5209      1.641e+02      0.589375    1.2346e+00
5210      1.641e+02      0.588750    1.2582e+00
5211      1.641e+02      0.588125    1.2326e+00
5212      1.641e+02      0.587500    1.2519e+00
5213      1.642e+02      0.586844    1.2313e+00
5214      1.642e+02      0.586219    1.2499e+00
5215      1.642e+02      0.585594    1.2373e+00
5216      1.643e+02      0.584969    1.2500e+00
5217      1.643e+02      0.584344    1.2354e+00
5218      1.643e+02      0.583719    1.2475e+00
5219      1.644e+02      0.583063    1.2387e+00
5220      1.644e+02      0.582438    1.2486e+00
5221      1.644e+02      0.581813    1.2377e+00
5222      1.645e+02      0.581188    1.2456e+00
5223      1.645e+02      0.580563    1.2355e+00
5224      1.645e+02      0.579906    1.2458e+00
5225      1.646e+02      0.579281    1.2450e+00
5226      1.646e+02      0.578656    1.2312e+00
5227      1.646e+02      0.578031    1.2441e+00
5228      1.647e+02      0.577406    1.2307e+00
5229      1.647e+02      0.576750    1.2504e+00
5230      1.647e+02      0.576125    1.2282e+00
5231      1.647e+02      0.575500    1.2484e+00
5232      1.648e+02      0.574875    1.2290e+00
5233      1.648e+02      0.574250    1.2478e+00
5234      1.648e+02      0.573625    1.2299e+00
5235      1.649e+02      0.572969    1.2452e+00
5236      1.649e+02      0.572344    1.2339e+00
5237      1.649e+02      0.571719    1.2433e+00
5238      1.650e+02      0.571063    1.2309e+00
5239      1.650e+02      0.570469    1.2462e+00
5240      1.650e+02      0.569813    1.2274e+00
5241      1.651e+02      0.569188    1.2469e+00
5242      1.651e+02      0.568563    1.2359e+00
5243      1.651e+02      0.567938    1.2475e+00
5244      1.652e+02      0.567313    1.2343e+00
5245      1.652e+02      0.566656    1.2327e+00
5246      1.652e+02      0.566031    1.2433e+00
5247      1.652e+02      0.565406    1.2325e+00
5248      1.653e+02      0.564781    1.2512e+00
5249      1.653e+02      0.564156    1.2313e+00
5250      1.653e+02      0.563531    1.2488e+00
5251      1.654e+02      0.562875    1.2252e+00
5252      1.654e+02      0.562250    1.2450e+00
5253      1.654e+02      0.561625    1.2288e+00
5254      1.655e+02      0.560969    1.2474e+00
5255      1.655e+02      0.560375    1.2299e+00
5256      1.655e+02      0.559719    1.2472e+00
5257      1.656e+02      0.559094    1.2274e+00
5258      1.656e+02      0.558469    1.2441e+00
5259      1.656e+02      0.557844    1.2266e+00
5260      1.657e+02      0.557219    1.2495e+00
5261      1.657e+02      0.556563    1.2302e+00
5262      1.657e+02      0.555938    1.2509e+00
5263      1.658e+02      0.555313    1.2302e+00
5264      1.658e+02      0.554688    1.2396e+00
5265      1.658e+02      0.554063    1.2335e+00
5266      1.658e+02      0.553438    1.2352e+00
5267      1.659e+02      0.552781    1.2458e+00
5268      1.659e+02      0.552156    1.2311e+00
5269      1.659e+02      0.551531    1.2436e+00
5270      1.660e+02      0.550906    1.2258e+00
5271      1.660e+02      0.550281    1.2456e+00
5272      1.660e+02      0.549625    1.2262e+00
5273      1.661e+02      0.549000    1.2433e+00
5274      1.661e+02      0.548375    1.2286e+00
5275      1.661e+02      0.547750    1.2437e+00
5276      1.662e+02      0.547094    1.2282e+00
5277      1.662e+02      0.546469    1.2421e+00
5278      1.662e+02      0.545844    1.2204e+00
5279      1.663e+02      0.545219    1.2459e+00
5280      1.663e+02      0.544594    1.2245e+00
5281      1.663e+02      0.543969    1.2448e+00
5282      1.664e+02      0.543344    1.2237e+00
5283      1.664e+02      0.542688    1.2422e+00
5284      1.664e+02      0.542063    1.2288e+00
5285      1.664e+02      0.541438    1.2342e+00
5286      1.665e+02      0.540813    1.2410e+00
5287      1.665e+02      0.540188    1.2341e+00
5288      1.665e+02      0.539531    1.2373e+00
5289      1.666e+02      0.538906    1.2256e+00
5290      1.666e+02      0.538281    1.2396e+00
5291      1.666e+02      0.537656    1.2225e+00
5292      1.667e+02      0.537000    1.2382e+00
5293      1.667e+02      0.536375    1.2247e+00
5294      1.667e+02      0.535750    1.2374e+00
5295      1.668e+02      0.535125    1.2219e+00
5296      1.668e+02      0.534500    1.2367e+00
5297      1.668e+02      0.533875    1.2209e+00
5298      1.669e+02      0.533250    1.2404e+00
5299      1.669e+02      0.532594    1.2146e+00
5300      1.669e+02      0.531969    1.2390e+00
5301      1.670e+02      0.531344    1.2170e+00
5302      1.670e+02      0.530688    1.2352e+00
5303      1.670e+02      0.530094    1.2136e+00
5304      1.670e+02      0.529438    1.2350e+00
5305      1.671e+02      0.528813    1.2280e+00
5306      1.671e+02      0.528188    1.2301e+00
5307      1.671e+02      0.527563    1.2257e+00
5308      1.672e+02      0.526906    1.2249e+00
5309      1.672e+02      0.526281    1.2279e+00
5310      1.672e+02      0.525656    1.2193e+00
5311      1.673e+02      0.525031    1.2325e+00
5312      1.673e+02      0.524406    1.2208e+00
5313      1.673e+02      0.523781    1.2286e+00
5314      1.674e+02      0.523156    1.2156e+00
5315      1.674e+02      0.522500    1.2299e+00
5316      1.674e+02      0.521875    1.2130e+00
5317      1.675e+02      0.521250    1.2296e+00
5318      1.675e+02      0.520625    1.2094e+00
5319      1.675e+02      0.520000    1.2321e+00
5320      1.675e+02      0.519344    1.2104e+00
5321      1.676e+02      0.518719    1.2285e+00
5322      1.676e+02      0.518094    1.2098e+00
5323      1.676e+02      0.517469    1.2295e+00
5324      1.677e+02      0.516813    1.2107e+00
5325      1.677e+02      0.516188    1.2245e+00
5326      1.677e+02      0.515563    1.2151e+00
5327      1.678e+02      0.514938    1.2194e+00
5328      1.678e+02      0.514313    1.2022e+00
5329      1.678e+02      0.513688    1.2134e+00
5330      1.679e+02      0.513031    1.2247e+00
5331      1.679e+02      0.512406    1.2121e+00
5332      1.679e+02      0.511781    1.2213e+00
5333      1.680e+02      0.511156    1.2097e+00
5334      1.680e+02      0.510531    1.2209e+00
5335      1.680e+02      0.509906    1.2045e+00
5336      1.681e+02      0.509250    1.2187e+00
5337      1.681e+02      0.508625    1.2018e+00
5338      1.681e+02      0.508000    1.2245e+00
5339      1.681e+02      0.507375    1.1994e+00
5340      1.682e+02      0.506719    1.2192e+00
5341      1.682e+02      0.506094    1.1972e+00
5342      1.682e+02      0.505469    1.2223e+00
5343      1.683e+02      0.504844    1.1970e+00
5344      1.683e+02      0.504219    1.2211e+00
5345      1.683e+02      0.503594    1.2007e+00
5346      1.684e+02      0.502938    1.2110e+00
5347      1.684e+02      0.502313    1.2042e+00
5348      1.684e+02      0.501688    1.2106e+00
5349      1.685e+02      0.501063    1.2115e+00
5350      1.685e+02      0.500438    1.2084e+00
5351      1.685e+02      0.499813    1.2073e+00
5352      1.686e+02      0.499156    1.2016e+00
5353      1.686e+02      0.498531    1.2099e+00
5354      1.686e+02      0.497906    1.1944e+00
5355      1.687e+02      0.497281    1.2107e+00
5356      1.687e+02      0.496625    1.1959e+00
5357      1.687e+02      0.496000    1.2114e+00
5358      1.687e+02      0.495375    1.1926e+00
5359      1.688e+02      0.494750    1.2104e+00
5360      1.688e+02      0.494125    1.1893e+00
5361      1.688e+02      0.493500    1.2093e+00
5362      1.689e+02      0.492844    1.1842e+00
5363      1.689e+02      0.492219    1.2108e+00
5364      1.689e+02      0.491594    1.1864e+00
5365      1.690e+02      0.490969    1.2012e+00
5366      1.690e+02      0.490344    1.1902e+00
5367      1.690e+02      0.489719    1.2038e+00
5368      1.691e+02      0.489063    1.1955e+00
5369      1.691e+02      0.488438    1.2021e+00
5370      1.691e+02      0.487813    1.1903e+00
5371      1.692e+02      0.487188    1.1960e+00
5372      1.692e+02      0.486531    1.1944e+00
5373      1.692e+02      0.485906    1.1942e+00
5374      1.692e+02      0.485281    1.1956e+00
5375      1.693e+02      0.484656    1.1887e+00
5376      1.693e+02      0.484031    1.1974e+00
5377      1.693e+02      0.483406    1.1846e+00
5378      1.694e+02      0.482750    1.1996e+00
5379      1.694e+02      0.482125    1.1729e+00
5380      1.694e+02      0.481500    1.1997e+00
5381      1.695e+02      0.480875    1.1716e+00
5382      1.695e+02      0.480250    1.1996e+00
5383      1.695e+02      0.479625    1.1742e+00
5384      1.696e+02      0.478969    1.1933e+00
5385      1.696e+02      0.478344    1.1760e+00
5386      1.696e+02      0.477719    1.1896e+00
5387      1.697e+02      0.477094    1.1724e+00
5388      1.697e+02      0.476438    1.1884e+00
5389      1.697e+02      0.475813    1.1757e+00
5390      1.698e+02      0.475188    1.1867e+00
5391      1.698e+02      0.474563    1.1776e+00
5392      1.698e+02      0.473938    1.1824e+00
5393      1.698e+02      0.473313    1.1761e+00
5394      1.699e+02      0.472656    1.1765e+00
5395      1.699e+02      0.472031    1.1813e+00
5396      1.699e+02      0.471406    1.1734e+00
5397      1.700e+02      0.470781    1.1837e+00
5398      1.700e+02      0.470156    1.1659e+00
5399      1.700e+02      0.469531    1.1866e+00
5400      1.701e+02      0.468875    1.1624e+00
5401      1.701e+02      0.468250    1.1839e+00
5402      1.701e+02      0.467625    1.1590e+00
5403      1.702e+02      0.467000    1.1818e+00
5404      1.702e+02      0.466375    1.1566e+00
5405      1.702e+02      0.465719    1.1774e+00
5406      1.703e+02      0.465094    1.1590e+00
5407      1.703e+02      0.464469    1.1769e+00
5408      1.703e+02      0.463844    1.1601e+00
5409      1.704e+02      0.463219    1.1735e+00
5410      1.704e+02      0.462563    1.1620e+00
5411      1.704e+02      0.461938    1.1750e+00
5412      1.704e+02      0.461313    1.1577e+00
5413      1.705e+02      0.460688    1.1695e+00
5414      1.705e+02      0.460063    1.1623e+00
5415      1.705e+02      0.459438    1.1663e+00
5416      1.706e+02      0.458781    1.1684e+00
5417      1.706e+02      0.458156    1.1560e+00
5418      1.706e+02      0.457531    1.1702e+00
5419      1.707e+02      0.456906    1.1496e+00
5420      1.707e+02      0.456281    1.1694e+00
5421      1.707e+02      0.455625    1.1457e+00
5422      1.708e+02      0.455000    1.1720e+00
5423      1.708e+02      0.454375    1.1469e+00
5424      1.708e+02      0.453750    1.1669e+00
5425      1.709e+02      0.453125    1.1479e+00
5426      1.709e+02      0.452469    1.1627e+00
5427      1.709e+02      0.451844    1.1475e+00
5428      1.710e+02      0.451219    1.1621e+00
5429      1.710e+02      0.450594    1.1448e+00
5430      1.710e+02      0.449969    1.1574e+00
5431      1.710e+02      0.449344    1.1396e+00
5432      1.711e+02      0.448688    1.1579e+00
5433      1.711e+02      0.448063    1.1427e+00
5434      1.711e+02      0.447438    1.1543e+00
5435      1.712e+02      0.446813    1.1498e+00
5436      1.712e+02      0.446188    1.1499e+00
5437      1.712e+02      0.445531    1.1474e+00
5438      1.713e+02      0.444906    1.1422e+00
5439      1.713e+02      0.444281    1.1543e+00
5440      1.713e+02      0.443656    1.1384e+00
5441      1.714e+02      0.443000    1.1567e+00
5442      1.714e+02      0.442406    1.1314e+00
5443      1.714e+02      0.441750    1.1559e+00
5444      1.715e+02      0.441125    1.1302e+00
5445      1.715e+02      0.440500    1.1462e+00
5446      1.715e+02      0.439875    1.1324e+00
5447      1.715e+02      0.439250    1.1517e+00
5448      1.716e+02      0.438594    1.1320e+00
5449      1.716e+02      0.437969    1.1466e+00
5450      1.716e+02      0.437344    1.1292e+00
5451      1.717e+02      0.436719    1.1459e+00
5452      1.717e+02      0.436094    1.1247e+00
5453      1.717e+02      0.435438    1.1473e+00
5454      1.718e+02      0.434813    1.1257e+00
5455      1.718e+02      0.434188    1.1440e+00
5456      1.718e+02      0.433563    1.1254e+00
5457      1.719e+02      0.432906    1.1346e+00
5458      1.719e+02      0.432313    1.1328e+00
5459      1.719e+02      0.431656    1.1279e+00
5460      1.720e+02      0.431031    1.1360e+00
5461      1.720e+02      0.430406    1.1220e+00
5462      1.720e+02      0.429781    1.1397e+00
5463      1.721e+02      0.429156    1.1188e+00
5464      1.721e+02      0.428500    1.1367e+00
5465      1.721e+02      0.427875    1.1211e+00
5466      1.721e+02      0.427250    1.1382e+00
5467      1.722e+02      0.426625    1.1165e+00
5468      1.722e+02      0.426000    1.1359e+00
5469      1.722e+02      0.425344    1.1174e+00
5470      1.723e+02      0.424719    1.1378e+00
5471      1.723e+02      0.424094    1.1121e+00
5472      1.723e+02      0.423469    1.1374e+00
5473      1.724e+02      0.422813    1.1113e+00
5474      1.724e+02      0.422219    1.1356e+00
5475      1.724e+02      0.421563    1.1112e+00
5476      1.725e+02      0.420938    1.1342e+00
5477      1.725e+02      0.420313    1.1185e+00
5478      1.725e+02      0.419688    1.1260e+00
5479      1.726e+02      0.419063    1.1171e+00
5480      1.726e+02      0.418406    1.1165e+00
5481      1.726e+02      0.417781    1.1208e+00
5482      1.727e+02      0.417156    1.1114e+00
5483      1.727e+02      0.416531    1.1281e+00
5484      1.727e+02      0.415906    1.1135e+00
5485      1.727e+02      0.415250    1.1205e+00
5486      1.728e+02      0.414625    1.1082e+00
5487      1.728e+02      0.414000    1.1221e+00
5488      1.728e+02      0.413375    1.1064e+00
5489      1.729e+02      0.412719    1.1236e+00
5490      1.729e+02      0.412125    1.1049e+00
5491      1.729e+02      0.411469    1.1276e+00
5492      1.730e+02      0.410844    1.0979e+00
5493      1.730e+02      0.410219    1.1245e+00
5494      1.730e+02      0.409594    1.0949e+00
5495      1.731e+02      0.408938    1.1219e+00
5496      1.731e+02      0.408313    1.0974e+00
5497      1.731e+02      0.407688    1.1178e+00
5498      1.732e+02      0.407063    1.1017e+00
5499      1.732e+02      0.406438    1.1119e+00
5500      1.732e+02      0.405813    1.1045e+00
5501      1.733e+02      0.405188    1.1073e+00
5502      1.733e+02      0.404531    1.1131e+00
5503      1.733e+02      0.403906    1.0990e+00
5504      1.733e+02      0.403281    1.1087e+00
5505      1.734e+02      0.402625    1.0973e+00
5506      1.734e+02      0.402031    1.1040e+00
5507      1.734e+02      0.401375    1.0972e+00
5508      1.735e+02      0.400750    1.1086e+00
5509      1.735e+02      0.400125    1.0957e+00
5510      1.735e+02      0.399500    1.1093e+00
5511      1.736e+02      0.398844    1.0818e+00
5512      1.736e+02      0.398219    1.1109e+00
5513      1.736e+02      0.397594    1.0811e+00
5514      1.737e+02      0.396969    1.1092e+00
5515      1.737e+02      0.396344    1.0778e+00
5516      1.737e+02      0.395719    1.1087e+00
5517      1.738e+02      0.395063    1.0789e+00
5518      1.738e+02      0.394438    1.1005e+00
5519      1.738e+02      0.393813    1.0779e+00
5520      1.738e+02      0.393188    1.0975e+00
5521      1.739e+02      0.392531    1.0927e+00
5522      1.739e+02      0.391938    1.0936e+00
5523      1.739e+02      0.391281    1.0880e+00
5524      1.740e+02      0.390656    1.0836e+00
5525      1.740e+02      0.390031    1.0813e+00
5526      1.740e+02      0.389406    1.0835e+00
5527      1.741e+02      0.388750    1.0913e+00
5528      1.741e+02      0.388125    1.0840e+00
5529      1.741e+02      0.387500    1.0856e+00
5530      1.742e+02      0.386875    1.0675e+00
5531      1.742e+02      0.386250    1.0781e+00
5532      1.742e+02      0.385625    1.0639e+00
5533      1.743e+02      0.385000    1.0943e+00
5534      1.743e+02      0.384344    1.0589e+00
5535      1.743e+02      0.383719    1.0954e+00
5536      1.744e+02      0.383094    1.0556e+00
5537      1.744e+02      0.382438    1.0852e+00
5538      1.744e+02      0.381844    1.0562e+00
5539      1.744e+02      0.381188    1.0849e+00
5540      1.745e+02      0.380563    1.0638e+00
5541      1.745e+02      0.379938    1.0812e+00
5542      1.745e+02      0.379313    1.0620e+00
5543      1.746e+02      0.378656    1.0859e+00
5544      1.746e+02      0.378031    1.0388e+00
5545      1.746e+02      0.377406    1.0673e+00
5546      1.747e+02      0.376781    1.0636e+00
5547      1.747e+02      0.376156    1.0649e+00
5548      1.747e+02      0.375531    1.0632e+00
5549      1.748e+02      0.374875    1.0539e+00
5550      1.748e+02      0.374250    1.0640e+00
5551      1.748e+02      0.373625    1.0481e+00
5552      1.749e+02      0.373000    1.0663e+00
5553      1.749e+02      0.372344    1.0438e+00
5554      1.749e+02      0.371750    1.0682e+00
5555      1.750e+02      0.371094    1.0340e+00
5556      1.750e+02      0.370469    1.0647e+00
5557      1.750e+02      0.369844    1.0322e+00
5558      1.750e+02      0.369219    1.0568e+00
5559      1.751e+02      0.368563    1.0327e+00
5560      1.751e+02      0.367938    1.0608e+00
5561      1.751e+02      0.367313    1.0327e+00
5562      1.752e+02      0.366688    1.0505e+00
5563      1.752e+02      0.366063    1.0303e+00
5564      1.752e+02      0.365438    1.0514e+00
5565      1.753e+02      0.364781    1.0327e+00
5566      1.753e+02      0.364156    1.0455e+00
5567      1.753e+02      0.363531    1.0311e+00
5568      1.754e+02      0.362906    1.0352e+00
5569      1.754e+02      0.362281    1.0281e+00
5570      1.754e+02      0.361656    1.0329e+00
5571      1.755e+02      0.361000    1.0353e+00
5572      1.755e+02      0.360375    1.0196e+00
5573      1.755e+02      0.359750    1.0393e+00
5574      1.755e+02      0.359125    1.0091e+00
5575      1.756e+02      0.358469    1.0392e+00
5576      1.756e+02      0.357844    1.0014e+00
5577      1.756e+02      0.357219    1.0357e+00
5578      1.757e+02      0.356594    1.0011e+00
5579      1.757e+02      0.355969    1.0310e+00
5580      1.757e+02      0.355344    1.0019e+00
5581      1.758e+02      0.354688    1.0229e+00
5582      1.758e+02      0.354063    9.8732e-01
5583      1.758e+02      0.353438    1.0216e+00
5584      1.759e+02      0.352813    9.9549e-01
5585      1.759e+02      0.352188    1.0207e+00
5586      1.759e+02      0.351563    9.9027e-01
5587      1.760e+02      0.350906    1.0047e+00
5588      1.760e+02      0.350281    9.8769e-01
5589      1.760e+02      0.349656    1.0054e+00
5590      1.761e+02      0.349031    9.9161e-01
5591      1.761e+02      0.348375    9.8863e-01
5592      1.761e+02      0.347750    9.9316e-01
5593      1.761e+02      0.347125    9.7946e-01
5594      1.762e+02      0.346500    1.0008e+00
5595      1.762e+02      0.345875    9.6438e-01
5596      1.762e+02      0.345250    9.9385e-01
5597      1.763e+02      0.344594    9.6364e-01
5598      1.763e+02      0.343969    9.9415e-01
5599      1.763e+02      0.343344    9.6449e-01
5600      1.764e+02      0.342719    9.8450e-01
5601      1.764e+02      0.342094    9.5590e-01
5602      1.764e+02      0.341469    9.8262e-01
5603      1.765e+02      0.340813    9.4914e-01
5604      1.765e+02      0.340188    9.8591e-01
5605      1.765e+02      0.339563    9.4670e-01
5606      1.766e+02      0.338938    9.7608e-01
5607      1.766e+02      0.338281    9.3889e-01
5608      1.766e+02      0.337656    9.6580e-01
5609      1.767e+02      0.337031    9.3771e-01
5610      1.767e+02      0.336406    9.5091e-01
5611      1.767e+02      0.335781    9.4827e-01
5612      1.767e+02      0.335156    9.4555e-01
5613      1.768e+02      0.334500    9.4724e-01
5614      1.768e+02      0.333875    9.2924e-01
5615      1.768e+02      0.333250    9.4398e-01
5616      1.769e+02      0.332625    9.2200e-01
5617      1.769e+02      0.332000    9.4464e-01
5618      1.769e+02      0.331375    9.1876e-01
5619      1.770e+02      0.330719    9.3607e-01
5620      1.770e+02      0.330094    9.1163e-01
5621      1.770e+02      0.329469    9.2881e-01
5622      1.771e+02      0.328844    9.0732e-01
5623      1.771e+02      0.328219    9.3395e-01
5624      1.771e+02      0.327563    8.9561e-01
5625      1.772e+02      0.326938    9.2615e-01
5626      1.772e+02      0.326313    8.9054e-01
5627      1.772e+02      0.325688    9.2289e-01
5628      1.773e+02      0.325063    8.8424e-01
5629      1.773e+02      0.324406    9.1444e-01
5630      1.773e+02      0.323781    8.8732e-01
5631      1.773e+02      0.323156    9.0553e-01
5632      1.774e+02      0.322531    8.8932e-01
5633      1.774e+02      0.321906    8.8099e-01
5634      1.774e+02      0.321281    8.8553e-01
5635      1.775e+02      0.320625    8.7128e-01
5636      1.775e+02      0.320000    8.9390e-01
5637      1.775e+02      0.319375    8.7281e-01
5638      1.776e+02      0.318750    8.8057e-01
5639      1.776e+02      0.318125    8.6779e-01
5640      1.776e+02      0.317469    8.7997e-01
5641      1.777e+02      0.316844    8.5798e-01
5642      1.777e+02      0.316219    8.7871e-01
5643      1.777e+02      0.315594    8.5184e-01
5644      1.778e+02      0.314969    8.8262e-01
5645      1.778e+02      0.314313    8.3846e-01
5646      1.778e+02      0.313688    8.7599e-01
5647      1.778e+02      0.313063    8.3646e-01
5648      1.779e+02      0.312438    8.7273e-01
5649      1.779e+02      0.311813    8.3533e-01
5650      1.779e+02      0.311188    8.7130e-01
5651      1.780e+02      0.310531    8.3448e-01
5652      1.780e+02      0.309906    8.5356e-01
5653      1.780e+02      0.309281    8.3460e-01
5654      1.781e+02      0.308656    8.4060e-01
5655      1.781e+02      0.308031    8.4757e-01
5656      1.781e+02      0.307375    8.3438e-01
5657      1.782e+02      0.306750    8.4003e-01
5658      1.782e+02      0.306125    8.2349e-01
5659      1.782e+02      0.305500    8.2501e-01
5660      1.783e+02      0.304844    8.2309e-01
5661      1.783e+02      0.304250    8.3652e-01
5662      1.783e+02      0.303594    8.2056e-01
5663      1.784e+02      0.302969    8.3257e-01
5664      1.784e+02      0.302344    7.9750e-01
5665      1.784e+02      0.301719    8.3452e-01
5666      1.784e+02      0.301094    7.9611e-01
5667      1.785e+02      0.300438    8.3961e-01
5668      1.785e+02      0.299813    7.9854e-01
5669      1.785e+02      0.299188    8.3494e-01
5670      1.786e+02      0.298563    7.9465e-01
5671      1.786e+02      0.297938    8.1665e-01
5672      1.786e+02      0.297281    7.9125e-01
5673      1.787e+02      0.296656    8.1215e-01
5674      1.787e+02      0.296031    8.0581e-01
5675      1.787e+02      0.295406    8.0846e-01
5676      1.788e+02      0.294750    7.9731e-01
5677      1.788e+02      0.294156    8.0245e-01
5678      1.788e+02      0.293500    7.9215e-01
5679      1.789e+02      0.292875    7.9947e-01
5680      1.789e+02      0.292250    8.0236e-01
5681      1.789e+02      0.291625    7.9337e-01
5682      1.790e+02      0.291000    7.9829e-01
5683      1.790e+02      0.290344    7.6667e-01
5684      1.790e+02      0.289719    7.8896e-01
5685      1.790e+02      0.289094    7.6914e-01
5686      1.791e+02      0.288469    8.0224e-01
5687      1.791e+02      0.287844    7.7266e-01
5688      1.791e+02      0.287188    8.0612e-01
5689      1.792e+02      0.286563    7.6360e-01
5690      1.792e+02      0.285938    7.9619e-01
5691      1.792e+02      0.285313    7.6486e-01
5692      1.793e+02      0.284656    7.9126e-01
5693      1.793e+02      0.284063    7.7486e-01
5694      1.793e+02      0.283406    7.8372e-01
5695      1.794e+02      0.282781    7.7370e-01
5696      1.794e+02      0.282156    7.6878e-01
5697      1.794e+02      0.281531    7.6352e-01
5698      1.795e+02      0.280906    7.7080e-01
5699      1.795e+02      0.280250    7.7059e-01
5700      1.795e+02      0.279625    7.7456e-01
5701      1.796e+02      0.279000    7.5562e-01
5702      1.796e+02      0.278375    7.5449e-01
5703      1.796e+02      0.277750    7.6284e-01
5704      1.796e+02      0.277094    7.5154e-01
5705      1.797e+02      0.276469    7.6668e-01
5706      1.797e+02      0.275844    7.4271e-01
5707      1.797e+02      0.275219    7.7070e-01
5708      1.798e+02      0.274563    7.2664e-01
5709      1.798e+02      0.273969    7.5897e-01
5710      1.798e+02      0.273313    7.2138e-01
5711      1.799e+02      0.272688    7.5675e-01
5712      1.799e+02      0.272063    7.3019e-01
5713      1.799e+02      0.271438    7.5012e-01
5714      1.800e+02      0.270781    7.2946e-01
5715      1.800e+02      0.270156    7.3258e-01
5716      1.800e+02      0.269531    7.1558e-01
5717      1.801e+02      0.268906    7.3126e-01
5718      1.801e+02      0.268281    7.2080e-01
5719      1.801e+02      0.267656    7.2159e-01
5720      1.801e+02      0.267000    7.0819e-01
5721      1.802e+02      0.266375    7.1397e-01
5722      1.802e+02      0.265750    6.9326e-01
5723      1.802e+02      0.265125    7.0492e-01
5724      1.803e+02      0.264469    7.0096e-01
5725      1.803e+02      0.263875    6.9356e-01
5726      1.803e+02      0.263219    6.9604e-01
5727      1.804e+02      0.262594    6.6332e-01
5728      1.804e+02      0.261969    6.8929e-01
5729      1.804e+02      0.261344    6.4946e-01
5730      1.805e+02      0.260688    6.8412e-01
5731      1.805e+02      0.260063    6.5403e-01
5732      1.805e+02      0.259438    6.6803e-01
5733      1.806e+02      0.258813    6.4170e-01
5734      1.806e+02      0.258188    5.7850e-01
5735      1.806e+02      0.257563    5.9247e-01
5736      1.807e+02      0.256906    6.3285e-01
5737      1.807e+02      0.256281    6.1668e-01
5738      1.807e+02      0.255656    6.2740e-01
5739      1.807e+02      0.255031    5.9777e-01
5740      1.808e+02      0.254375    6.1233e-01
5741      1.808e+02      0.253781    5.7636e-01
5742      1.808e+02      0.253125    5.8830e-01
5743      1.809e+02      0.252500    5.7604e-01
5744      1.809e+02      0.251875    5.8067e-01
5745      1.809e+02      0.251250    5.6725e-01
5746      1.810e+02      0.250594    5.3666e-01
5747      1.810e+02      0.249969    5.3898e-01
5748      1.810e+02      0.249344    5.0198e-01
5749      1.811e+02      0.248719    5.3077e-01
5750      1.811e+02      0.248094    5.0244e-01
5751      1.811e+02      0.247469    5.0959e-01
5752      1.812e+02      0.246813    4.7424e-01
5753      1.812e+02      0.246188    4.8147e-01
5754      1.812e+02      0.245563    4.4447e-01
5755      1.813e+02      0.244938    4.5343e-01
5756      1.813e+02      0.244281    4.3075e-01
5757      1.813e+02      0.243688    4.3893e-01
5758      1.813e+02      0.243031    3.9417e-01
5759      1.814e+02      0.242406    4.0212e-01
5760      1.814e+02      0.241781    3.4237e-01
5761      1.814e+02      0.241156    3.6958e-01
5762      1.815e+02      0.240500    3.2715e-01
5763      1.815e+02      0.239875    3.5336e-01
5764      1.815e+02      0.239250    3.0489e-01
5765      1.816e+02      0.238625    2.9045e-01
5766      1.816e+02      0.238000    2.7348e-01
5767      1.816e+02      0.237375    2.4250e-01
5768      1.817e+02      0.236719    2.4968e-01
5769      1.817e+02      0.236094    2.2297e-01
5770      1.817e+02      0.235469    2.1397e-01
5771      1.818e+02      0.234844    1.8143e-01
5772      1.818e+02      0.234188    1.6471e-01
5773      1.818e+02      0.233594    1.3327e-01
5774      1.818e+02      0.232938    1.3761e-01
5775      1.819e+02      0.232313    1.0369e-01
5776      1.819e+02      0.231688    1.1169e-01
5777      1.819e+02      0.231063    6.7515e-02
5778      1.820e+02      0.230406    7.7600e-02
5779      1.820e+02      0.229781    1.2905e-02
5780      1.820e+02      0.229156    3.1184e-02
5781      1.821e+02      0.228531   -2.3743e-02
5782      1.821e+02      0.227906    1.7751e-02
5783      1.821e+02      0.227281   -3.2271e-02
5784      1.822e+02      0.226625   -3.3236e-02
5785      1.822e+02      0.226000   -1.1636e-01
5786      1.822e+02      0.225375   -1.0114e-01
5787      1.823e+02      0.224750   -1.0782e-01
5788      1.823e+02      0.224125   -1.1117e-01
5789      1.823e+02      0.223500   -1.0878e-01
5790      1.824e+02      0.222844   -1.2501e-01
5791      1.824e+02      0.222219   -1.3727e-01
5792      1.824e+02      0.221594   -1.6347e-01
5793      1.824e+02      0.220969   -1.6658e-01
5794      1.825e+02      0.220313   -1.7413e-01
5795      1.825e+02      0.219688   -1.6554e-01
5796      1.825e+02      0.219063   -1.8987e-01
5797      1.826e+02      0.218438   -1.7941e-01
5798      1.826e+02      0.217813   -2.3018e-01
5799      1.826e+02      0.217188   -1.9535e-01
5800      1.827e+02      0.216531   -2.3203e-01
5801      1.827e+02      0.215906   -1.7960e-01
5802      1.827e+02      0.215281   -2.3153e-01
5803      1.828e+02      0.214656   -1.9947e-01
5804      1.828e+02      0.214031   -2.3927e-01
5805      1.828e+02      0.213406   -2.1142e-01
5806      1.829e+02      0.212750   -2.1870e-01
5807      1.829e+02      0.212125   -1.9483e-01
5808      1.829e+02      0.211500   -1.9295e-01
5809      1.830e+02      0.210875   -1.9624e-01
5810      1.830e+02      0.210219   -2.0362e-01
5811      1.830e+02      0.209594   -2.1252e-01
5812      1.830e+02      0.208969   -1.8868e-01
5813      1.831e+02      0.208344   -1.8494e-01
5814      1.831e+02      0.207719   -1.5797e-01
5815      1.831e+02      0.207094   -1.6366e-01
5816      1.832e+02      0.206438   -1.4648e-01
5817      1.832e+02      0.205813   -1.6872e-01
5818      1.832e+02      0.205188   -1.3509e-01
5819      1.833e+02      0.204563   -1.4972e-01
5820      1.833e+02      0.203938   -8.5478e-02
5821      1.833e+02      0.203313   -1.3120e-01
5822      1.834e+02      0.202656   -8.0566e-02
5823      1.834e+02      0.202031   -1.2760e-01
5824      1.834e+02      0.201406   -8.4666e-02
5825      1.835e+02      0.200781   -9.1358e-02
5826      1.835e+02      0.200125   -6.0524e-02
5827      1.835e+02      0.199500   -5.6885e-02
5828      1.836e+02      0.198875   -4.5862e-02
5829      1.836e+02      0.198250   -2.7230e-02
5830      1.836e+02      0.197625   -4.6449e-02
5831      1.836e+02      0.197000   -1.5104e-02
5832      1.837e+02      0.196344   -1.3307e-02
5833      1.837e+02      0.195719    2.3516e-02
5834      1.837e+02      0.195094    1.2347e-02
5835      1.838e+02      0.194469    2.5816e-02
5836      1.838e+02      0.193844   -2.6253e-02
5837      1.838e+02      0.193219    2.6931e-02
5838      1.839e+02      0.192563    2.3752e-02
5839      1.839e+02      0.191938    8.9434e-02
5840      1.839e+02      0.191313    4.5226e-02
5841      1.840e+02      0.190688    8.3160e-02
5842      1.840e+02      0.190063    4.9254e-02
5843      1.840e+02      0.189406    9.3039e-02
5844      1.841e+02      0.188781    7.8824e-02
5845      1.841e+02      0.188156    1.1388e-01
5846      1.841e+02      0.187531    9.5425e-02
5847      1.841e+02      0.186906    1.1362e-01
5848      1.842e+02      0.186250    1.0512e-01
5849      1.842e+02      0.185625    1.0982e-01
5850      1.842e+02      0.185000    1.1271e-01
5851      1.843e+02      0.184375    1.2826e-01
5852      1.843e+02      0.183750    1.4011e-01
5853      1.843e+02      0.183125    1.3958e-01
5854      1.844e+02      0.182469    1.4955e-01
5855      1.844e+02      0.181844    1.3394e-01
5856      1.844e+02      0.181219    1.4168e-01
5857      1.845e+02      0.180594    1.4638e-01
5858      1.845e+02      0.179969    1.8944e-01
5859      1.845e+02      0.179313    1.4260e-01
5860      1.846e+02      0.178688    1.8772e-01
5861      1.846e+02      0.178063    1.2579e-01
5862      1.846e+02      0.177438    1.8099e-01
5863      1.847e+02      0.176813    1.4444e-01
5864      1.847e+02      0.176156    1.8632e-01
5865      1.847e+02      0.175531    1.7456e-01
5866      1.847e+02      0.174906    1.8780e-01
5867      1.848e+02      0.174281    1.6477e-01
5868      1.848e+02      0.173656    1.7501e-01
5869      1.848e+02      0.173031    1.7185e-01
5870      1.849e+02      0.172375    1.7201e-01
5871      1.849e+02      0.171750    1.8738e-01
5872      1.849e+02      0.171125    1.9194e-01
5873      1.850e+02      0.170469    1.7473e-01
5874      1.850e+02      0.169875    1.6709e-01
5875      1.850e+02      0.169219    1.7920e-01
5876      1.851e+02      0.168594    1.7492e-01
5877      1.851e+02      0.167969    1.9287e-01
5878      1.851e+02      0.167344    1.7671e-01
5879      1.852e+02      0.166688    1.9980e-01
5880      1.852e+02      0.166063    1.5064e-01
5881      1.852e+02      0.165438    2.0459e-01
5882      1.853e+02      0.164813    1.6258e-01
5883      1.853e+02      0.164188    2.0898e-01
5884      1.853e+02      0.163563    1.6723e-01
5885      1.853e+02      0.162938    1.9754e-01
5886      1.854e+02      0.162281    1.4693e-01
5887      1.854e+02      0.161656    1.5167e-01
5888      1.854e+02      0.161031    1.6423e-01
5889      1.855e+02      0.160406    1.7478e-01
5890      1.855e+02      0.159781    1.8141e-01
5891      1.855e+02      0.159125    1.8023e-01
5892      1.856e+02      0.158500    1.7400e-01
5893      1.856e+02      0.157875    1.6395e-01
5894      1.856e+02      0.157250    1.6710e-01
5895      1.857e+02      0.156594    1.6666e-01
5896      1.857e+02      0.155969    1.7527e-01
5897      1.857e+02      0.155344    1.7147e-01
5898      1.858e+02      0.154719    1.6350e-01
5899      1.858e+02      0.154094    1.4167e-01
5900      1.858e+02      0.153469    1.7029e-01
5901      1.859e+02      0.152844    1.4358e-01
5902      1.859e+02      0.152188    1.8636e-01
5903      1.859e+02      0.151563    1.4537e-01
5904      1.859e+02      0.150938    1.7627e-01
5905      1.860e+02      0.150313    1.4755e-01
5906      1.860e+02      0.149688    1.6407e-01
5907      1.860e+02      0.149031    1.5232e-01
5908      1.861e+02      0.148406    1.5328e-01
5909      1.861e+02      0.147781    1.5905e-01
5910      1.861e+02      0.147156    1.6128e-01
5911      1.862e+02      0.146500    1.4229e-01
5912      1.862e+02      0.145875    1.3079e-01
5913      1.862e+02      0.145250    1.3188e-01
5914      1.863e+02      0.144625    1.3930e-01
5915      1.863e+02      0.144000    1.4954e-01
5916      1.863e+02      0.143375    1.5286e-01
5917      1.864e+02      0.142750    1.3459e-01
5918      1.864e+02      0.142094    1.2173e-01
5919      1.864e+02      0.141469    1.2648e-01
5920      1.864e+02      0.140844    1.1491e-01
5921      1.865e+02      0.140219    1.5040e-01
5922      1.865e+02      0.139594    1.1407e-01
5923      1.865e+02      0.138938    1.3131e-01
5924      1.866e+02      0.138313    9.5823e-02
5925      1.866e+02      0.137688    1.0641e-01
5926      1.866e+02      0.137063    9.5935e-02
5927      1.867e+02      0.136406    1.1523e-01
5928      1.867e+02      0.135781    1.0888e-01
5929      1.867e+02      0.135156    1.0755e-01
5930      1.868e+02      0.134531    8.3078e-02
5931      1.868e+02      0.133906    9.0486e-02
5932      1.868e+02      0.133281    7.4371e-02
5933      1.869e+02      0.132625    9.0987e-02
5934      1.869e+02      0.132000    7.8659e-02
5935      1.869e+02      0.131375    8.0828e-02
5936      1.870e+02      0.130750    5.8441e-02
5937      1.870e+02      0.130125    8.6862e-04
5938      1.870e+02      0.129500    6.7233e-03
5939      1.870e+02      0.128844    2.4907e-02
5940      1.871e+02      0.128219    5.7642e-02
5941      1.871e+02      0.127594    2.1454e-02
5942      1.871e+02      0.126969    3.9140e-02
5943      1.872e+02      0.126313    7.0304e-03
5944      1.872e+02      0.125688    2.0982e-02
5945      1.872e+02      0.125063   -1.0950e-02
5946      1.873e+02      0.124438    1.1139e-02
5947      1.873e+02      0.123813    1.6173e-03
5948      1.873e+02      0.123188   -4.1931e-03
5949      1.874e+02      0.122531   -3.8475e-02
5950      1.874e+02      0.121906   -4.4170e-02
5951      1.874e+02      0.121281   -6.7427e-02
5952      1.875e+02      0.120656   -4.5988e-02
5953      1.875e+02      0.120031   -7.7062e-02
5954      1.875e+02      0.119406   -5.1906e-02
5955      1.876e+02      0.118750   -8.9727e-02
5956      1.876e+02      0.118125   -8.9796e-02
5957      1.876e+02      0.117500   -1.1239e-01
5958      1.876e+02      0.116875   -1.2284e-01
5959      1.877e+02      0.116219   -1.2234e-01
5960      1.877e+02      0.115594   -1.3262e-01
5961      1.877e+02      0.114969   -1.3185e-01
5962      1.878e+02      0.114344   -1.6909e-01
5963      1.878e+02      0.113719   -1.7505e-01
5964      1.878e+02      0.113094   -1.9892e-01
5965      1.879e+02      0.112438   -1.8918e-01
5966      1.879e+02      0.111813   -2.0450e-01
5967      1.879e+02      0.111188   -2.0351e-01
5968      1.880e+02      0.110563   -2.4667e-01
5969      1.880e+02      0.109938   -2.4122e-01
5970      1.880e+02      0.109313   -2.7510e-01
5971      1.881e+02      0.108656   -2.6473e-01
5972      1.881e+02      0.108031   -2.8548e-01
5973      1.881e+02      0.107406   -2.7835e-01
5974      1.881e+02      0.106781   -3.2535e-01
5975      1.882e+02      0.106125   -3.3547e-01
5976      1.882e+02      0.105500   -3.7811e-01
5977      1.882e+02      0.104875   -3.7218e-01
5978      1.883e+02      0.104250   -3.7997e-01
5979      1.883e+02      0.103625   -3.9355e-01
5980      1.883e+02      0.103000   -4.1009e-01
5981      1.884e+02      0.102344   -4.5453e-01
5982      1.884e+02      0.101719   -4.6529e-01
5983      1.884e+02      0.101094   -4.9437e-01
5984      1.885e+02      0.100469   -4.9102e-01
5985      1.885e+02      0.099844   -5.0875e-01
5986      1.885e+02      0.099219   -5.3456e-01
5987      1.886e+02      0.098562   -5.7594e-01
5988      1.886e+02      0.097938   -6.4373e-01
5989      1.886e+02      0.097312   -6.5974e-01
5990      1.887e+02      0.096687   -6.4466e-01
5991      1.887e+02      0.096031   -6.5862e-01
5992      1.887e+02      0.095406   -6.4801e-01
5993      1.887e+02      0.094781   -7.0905e-01
5994      1.888e+02      0.094156   -7.1426e-01
5995      1.888e+02      0.093531   -7.6095e-01
5996      1.888e+02      0.092906   -7.6363e-01
5997      1.889e+02      0.092250   -7.9031e-01
5998      1.889e+02      0.091625   -7.9099e-01
5999      1.889e+02      0.091000   -8.3167e-01
6000      1.890e+02      0.090375   -8.6533e-01
6001      1.890e+02      0.089750   -8.9901e-01
6002      1.890e+02      0.089125   -9.0453e-01
6003      1.891e+02      0.088469   -9.0426e-01
6004      1.891e+02      0.087844   -9.2511e-01
6005      1.891e+02      0.087219   -9.3873e-01
6006      1.892e+02      0.086594   -9.9497e-01
6007      1.892e+02      0.085969   -1.0082e+00
6008      1.892e+02      0.085313   -1.0471e+00
6009      1.893e+02      0.084687   -1.0402e+00
6010      1.893e+02      0.084062   -1.0540e+00
6011      1.893e+02      0.083438   -1.0564e+00
6012      1.893e+02      0.082813   -1.1199e+00
6013      1.894e+02      0.082156   -1.1194e+00
6014      1.894e+02      0.081531   -1.1903e+00
6015      1.894e+02      0.080906   -1.1615e+00
6016      1.895e+02      0.080281   -1.1974e+00
6017      1.895e+02      0.079656   -1.1814e+00
6018      1.895e+02      0.079031   -1.2253e+00
6019      1.896e+02      0.078375   -1.2404e+00
6020      1.896e+02      0.077750   -1.2823e+00
6021      1.896e+02      0.077125   -1.2937e+00
6022      1.897e+02      0.076500   -1.3142e+00
6023      1.897e+02      0.075875   -1.3126e+00
6024      1.897e+02      0.075219   -1.3428e+00
6025      1.898e+02      0.074594   -1.4081e+00
6026      1.898e+02      0.073969   -1.4673e+00
6027      1.898e+02      0.073344   -1.4805e+00
6028      1.899e+02      0.072719   -1.4830e+00
6029      1.899e+02      0.072062   -1.5281e+00
6030      1.899e+02      0.071437   -1.5422e+00
6031      1.899e+02      0.070813   -1.6008e+00
6032      1.900e+02      0.070188   -1.6198e+00
6033      1.900e+02      0.070031   -1.0168e+00
6034      1.900e+02      0.070031   -4.7440e-01
6035      1.901e+02      0.070031   -2.5501e-01
6036      1.901e+02      0.070031   -1.7797e-01
6037      1.901e+02      0.070031   -1.4229e-01
6038      1.902e+02      0.070031   -1.5375e-01
6039      1.902e+02      0.070031   -1.3346e-01
6040      1.902e+02      0.070031   -1.3699e-01
6041      1.903e+02      0.070031   -1.1769e-01
6042      1.903e+02      0.070031   -1.4416e-01
6043      1.903e+02      0.070031   -1.3035e-01
6044      1.904e+02      0.070031   -1.2246e-01
6045      1.904e+02      0.070031   -1.3373e-01
6046      1.904e+02      0.070031   -1.2672e-01
6047      1.904e+02      0.070031   -1.4113e-01
6048      1.905e+02      0.070031   -1.2385e-01
6049      1.905e+02      0.070031   -1.2401e-01
6050      1.905e+02      0.070031   -1.1756e-01
6051      1.906e+02      0.070031   -1.1678e-01
6052      1.906e+02      0.070031   -1.1647e-01
6053      1.906e+02      0.070031   -1.1275e-01
6054      1.907e+02      0.070031   -1.3231e-01
6055      1.907e+02      0.070031   -1.0238e-01
6056      1.907e+02      0.070031   -1.1835e-01
6057      1.908e+02      0.070031   -1.1133e-01
6058      1.908e+02      0.070031   -1.1018e-01
6059      1.908e+02      0.070031   -1.1203e-01
6060      1.909e+02      0.070031   -8.7441e-02
6061      1.909e+02      0.070031   -1.0122e-01
6062      1.909e+02      0.070031   -8.9281e-02
6063      1.910e+02      0.070031   -9.1928e-02

